{"loss": [0.06422164291143417, 0.05251605063676834, 0.05081617832183838, 0.04932022839784622, 0.0487578809261322, 0.04810447618365288, 0.04780854657292366, 0.047906842082738876, 0.04690183699131012, 0.04676166549324989, 0.046466078609228134, 0.04340077564120293, 0.042794786393642426, 0.038961563259363174, 0.03614666312932968, 0.03536779060959816, 0.03396277874708176, 0.03308345749974251, 0.03231091424822807, 0.03248651325702667, 0.03145672753453255, 0.030645636841654778, 0.02980092167854309, 0.02973930351436138, 0.028960637748241425, 0.030842328444123268, 0.029022274538874626, 0.029620155692100525, 0.027887223288416862, 0.028472021222114563, 0.02941671758890152, 0.027227144688367844, 0.0277837123721838], "val_loss": [0.05040983483195305, 0.048861049115657806, 0.04709402471780777, 0.047905925661325455, 0.04865394905209541, 0.04657949507236481, 0.04561198502779007, 0.04748177528381348, 0.04668904095888138, 0.04667622223496437, 0.04345126450061798, 0.040055856108665466, 0.03901427984237671, 0.03976975008845329, 0.03486550971865654, 0.034924186766147614, 0.031891729682683945, 0.04174017906188965, 0.03139108791947365, 0.03195418417453766, 0.02641867659986019, 0.02741522528231144, 0.02550569549202919, 0.02828453667461872, 0.0369715616106987, 0.0265127532184124, 0.031338851898908615, 0.02559032291173935, 0.02601737156510353, 0.027825333178043365, 0.02815988101065159, 0.030144397169351578, 0.026280775666236877]}