{"loss": [0.06628862023353577, 0.05262942612171173, 0.05222016200423241, 0.050941821187734604, 0.04966050758957863, 0.04896550998091698, 0.0489773266017437, 0.04868299141526222, 0.04811074957251549, 0.04845116287469864, 0.04821396246552467, 0.047850288450717926, 0.04771990701556206, 0.04772821068763733, 0.047590311616659164, 0.04745340719819069, 0.046957988291978836, 0.046124137938022614, 0.04489223286509514, 0.04346557334065437, 0.03982190787792206, 0.03626565635204315, 0.03419821336865425, 0.03204599767923355, 0.03099929727613926, 0.030495233833789825, 0.02935216948390007, 0.028548771515488625, 0.02769709751009941, 0.027417348697781563, 0.027073631063103676, 0.02703165076673031, 0.026310531422495842, 0.025935495272278786, 0.025492556393146515, 0.025592030957341194, 0.02533886581659317, 0.025621352717280388, 0.025136038661003113, 0.025151701644062996, 0.025138430297374725, 0.02527526579797268, 0.024650007486343384, 0.024526774883270264, 0.02489911951124668, 0.024788830429315567, 0.024283232167363167, 0.023762008175253868, 0.024539275094866753, 0.024292441084980965], "val_loss": [0.0508224181830883, 0.049627821892499924, 0.04943631589412689, 0.04903928190469742, 0.047842130064964294, 0.0496952086687088, 0.04663330316543579, 0.04641734063625336, 0.046590447425842285, 0.04719637706875801, 0.04615974798798561, 0.0459609217941761, 0.04781463369727135, 0.04804646968841553, 0.045877113938331604, 0.04574661701917648, 0.04520871490240097, 0.04414946213364601, 0.04988063871860504, 0.04220900312066078, 0.037171248346567154, 0.033459894359111786, 0.03360182046890259, 0.028617892414331436, 0.03041223995387554, 0.029525116086006165, 0.02651236020028591, 0.025735480710864067, 0.02672453224658966, 0.028163274750113487, 0.02492297813296318, 0.024273036047816277, 0.025882190093398094, 0.02488255873322487, 0.02335401251912117, 0.025086794048547745, 0.023787084966897964, 0.023656941950321198, 0.02302347868680954, 0.02303035743534565, 0.024489281699061394, 0.022848479449748993, 0.024079520255327225, 0.023182911798357964, 0.025075580924749374, 0.022828182205557823, 0.022934963926672935, 0.025379588827490807, 0.0227501317858696, 0.02275301329791546]}