{"loss": [0.07177596539258957, 0.05269331485033035, 0.0510978177189827, 0.050411395728588104, 0.04965083673596382, 0.04876448214054108, 0.04905238747596741, 0.047895051538944244, 0.04804645851254463, 0.0471104271709919, 0.04636441916227341, 0.0432160459458828, 0.0389387272298336, 0.03489862382411957, 0.032642412930727005, 0.031353119760751724, 0.0305496696382761, 0.029677048325538635, 0.028536932542920113, 0.027895402163267136, 0.0275496244430542, 0.027533339336514473, 0.025945231318473816, 0.026118304580450058, 0.025886377319693565, 0.02534698136150837, 0.025540240108966827, 0.025027139112353325, 0.025833236053586006, 0.024636346846818924, 0.024478865787386894, 0.02460160292685032, 0.02432454377412796, 0.024739934131503105, 0.02418994903564453, 0.024020623415708542, 0.02381131611764431, 0.024004481732845306, 0.024092234671115875, 0.025074807927012444, 0.02392575889825821, 0.024064889177680016, 0.02383432723581791, 0.02353198453783989, 0.023199761286377907, 0.024204084649682045, 0.024487722665071487, 0.023659685626626015, 0.02331511117517948, 0.023173324763774872], "val_loss": [0.04901212453842163, 0.04788918048143387, 0.049723926931619644, 0.050318777561187744, 0.046574223786592484, 0.0466562956571579, 0.04564971476793289, 0.046572454273700714, 0.044965147972106934, 0.04419922083616257, 0.042960286140441895, 0.04670853167772293, 0.038176849484443665, 0.030646566301584244, 0.03113468736410141, 0.03133515268564224, 0.028841769322752953, 0.02953667752444744, 0.02589721418917179, 0.025645719841122627, 0.025484859943389893, 0.026125341653823853, 0.024599604308605194, 0.024281684309244156, 0.02473958395421505, 0.024709036573767662, 0.024725276976823807, 0.02337643690407276, 0.026556741446256638, 0.02261670120060444, 0.024618428200483322, 0.024281227961182594, 0.02339809201657772, 0.02282039262354374, 0.022877521812915802, 0.024574657902121544, 0.022538060322403908, 0.023720204830169678, 0.02264445461332798, 0.023994408547878265, 0.023295028135180473, 0.024789772927761078, 0.022849416360259056, 0.021876957267522812, 0.024394476786255836, 0.026006370782852173, 0.022243089973926544, 0.023050330579280853, 0.021804431453347206, 0.02406332828104496]}