2025-05-01 12:21:19,951 - dashboard - INFO - Дашборд запущен
2025-05-01 12:21:20,028 - dashboard - INFO - Дашборд запущен
2025-05-01 12:21:20,028 - dashboard - INFO - Дашборд запущен
2025-05-01 12:21:20,063 - dashboard - ERROR - Ошибка при сборе системной информации: No module named 'tensorflow'
2025-05-01 12:21:20,063 - dashboard - ERROR - Ошибка при сборе системной информации: No module named 'tensorflow'
2025-05-01 12:21:20,066 - dashboard - ERROR - Traceback (most recent call last):
  File "D:\.Ucheba\ВКР\Project E\Project-E\for_docker\visualization\dashboard.py", line 172, in log_system_info
    import tensorflow as tf
ModuleNotFoundError: No module named 'tensorflow'

2025-05-01 12:21:20,066 - dashboard - ERROR - Traceback (most recent call last):
  File "D:\.Ucheba\ВКР\Project E\Project-E\for_docker\visualization\dashboard.py", line 172, in log_system_info
    import tensorflow as tf
ModuleNotFoundError: No module named 'tensorflow'

2025-05-01 12:21:20,070 - dashboard - INFO - Запуск основной функции дашборда
2025-05-01 12:21:20,070 - dashboard - INFO - Запуск основной функции дашборда
2025-05-01 12:21:21,348 - dashboard - INFO - Загрузка историй моделей из директории: ..\model_save_preset
2025-05-01 12:21:21,348 - dashboard - INFO - Загрузка историй моделей из директории: ..\model_save_preset
2025-05-01 12:21:21,373 - dashboard - INFO - Загружено 23 моделей из 5 групп
2025-05-01 12:21:21,373 - dashboard - INFO - Загружено 23 моделей из 5 групп
2025-05-01 12:21:21,375 - dashboard - INFO - Переход на страницу: Обзор моделей
2025-05-01 12:21:21,375 - dashboard - INFO - Переход на страницу: Обзор моделей
2025-05-01 12:21:21,387 - dashboard - INFO - Создание таблицы сравнения метрик
2025-05-01 12:21:21,387 - dashboard - INFO - Создание таблицы сравнения метрик
2025-05-01 12:21:21,388 - dashboard - INFO - Создана таблица сравнения с 23 моделями
2025-05-01 12:21:21,388 - dashboard - INFO - Создана таблица сравнения с 23 моделями
2025-05-01 12:21:39,099 - dashboard - INFO - Дашборд запущен
2025-05-01 12:21:39,099 - dashboard - INFO - Дашборд запущен
2025-05-01 12:21:39,099 - dashboard - INFO - Дашборд запущен
2025-05-01 12:21:39,105 - dashboard - ERROR - Ошибка при сборе системной информации: No module named 'tensorflow'
2025-05-01 12:21:39,105 - dashboard - ERROR - Ошибка при сборе системной информации: No module named 'tensorflow'
2025-05-01 12:21:39,105 - dashboard - ERROR - Ошибка при сборе системной информации: No module named 'tensorflow'
2025-05-01 12:21:39,106 - dashboard - ERROR - Traceback (most recent call last):
  File "D:\.Ucheba\ВКР\Project E\Project-E\for_docker\visualization\dashboard.py", line 172, in log_system_info
    import tensorflow as tf
ModuleNotFoundError: No module named 'tensorflow'

2025-05-01 12:21:39,106 - dashboard - ERROR - Traceback (most recent call last):
  File "D:\.Ucheba\ВКР\Project E\Project-E\for_docker\visualization\dashboard.py", line 172, in log_system_info
    import tensorflow as tf
ModuleNotFoundError: No module named 'tensorflow'

2025-05-01 12:21:39,106 - dashboard - ERROR - Traceback (most recent call last):
  File "D:\.Ucheba\ВКР\Project E\Project-E\for_docker\visualization\dashboard.py", line 172, in log_system_info
    import tensorflow as tf
ModuleNotFoundError: No module named 'tensorflow'

2025-05-01 12:21:39,106 - dashboard - INFO - Запуск основной функции дашборда
2025-05-01 12:21:39,106 - dashboard - INFO - Запуск основной функции дашборда
2025-05-01 12:21:39,106 - dashboard - INFO - Запуск основной функции дашборда
2025-05-01 12:21:39,112 - dashboard - INFO - Загрузка историй моделей из директории: ..\model_save_preset
2025-05-01 12:21:39,112 - dashboard - INFO - Загрузка историй моделей из директории: ..\model_save_preset
2025-05-01 12:21:39,112 - dashboard - INFO - Загрузка историй моделей из директории: ..\model_save_preset
2025-05-01 12:21:39,144 - dashboard - INFO - Загружено 23 моделей из 5 групп
2025-05-01 12:21:39,144 - dashboard - INFO - Загружено 23 моделей из 5 групп
2025-05-01 12:21:39,144 - dashboard - INFO - Загружено 23 моделей из 5 групп
2025-05-01 12:21:39,145 - dashboard - INFO - Переход на страницу: Сравнение моделей
2025-05-01 12:21:39,145 - dashboard - INFO - Переход на страницу: Сравнение моделей
2025-05-01 12:21:39,145 - dashboard - INFO - Переход на страницу: Сравнение моделей
2025-05-01 12:21:39,157 - dashboard - INFO - Создание таблицы сравнения метрик
2025-05-01 12:21:39,157 - dashboard - INFO - Создание таблицы сравнения метрик
2025-05-01 12:21:39,157 - dashboard - INFO - Создание таблицы сравнения метрик
2025-05-01 12:21:39,158 - dashboard - INFO - Создана таблица сравнения с 23 моделями
2025-05-01 12:21:39,158 - dashboard - INFO - Создана таблица сравнения с 23 моделями
2025-05-01 12:21:39,158 - dashboard - INFO - Создана таблица сравнения с 23 моделями
2025-05-01 12:21:54,160 - dashboard - INFO - Дашборд запущен
2025-05-01 12:21:54,160 - dashboard - INFO - Дашборд запущен
2025-05-01 12:21:54,160 - dashboard - INFO - Дашборд запущен
2025-05-01 12:21:54,160 - dashboard - INFO - Дашборд запущен
2025-05-01 12:21:54,164 - dashboard - ERROR - Ошибка при сборе системной информации: No module named 'tensorflow'
2025-05-01 12:21:54,164 - dashboard - ERROR - Ошибка при сборе системной информации: No module named 'tensorflow'
2025-05-01 12:21:54,164 - dashboard - ERROR - Ошибка при сборе системной информации: No module named 'tensorflow'
2025-05-01 12:21:54,164 - dashboard - ERROR - Ошибка при сборе системной информации: No module named 'tensorflow'
2025-05-01 12:21:54,164 - dashboard - ERROR - Traceback (most recent call last):
  File "D:\.Ucheba\ВКР\Project E\Project-E\for_docker\visualization\dashboard.py", line 172, in log_system_info
    import tensorflow as tf
ModuleNotFoundError: No module named 'tensorflow'

2025-05-01 12:21:54,164 - dashboard - ERROR - Traceback (most recent call last):
  File "D:\.Ucheba\ВКР\Project E\Project-E\for_docker\visualization\dashboard.py", line 172, in log_system_info
    import tensorflow as tf
ModuleNotFoundError: No module named 'tensorflow'

2025-05-01 12:21:54,164 - dashboard - ERROR - Traceback (most recent call last):
  File "D:\.Ucheba\ВКР\Project E\Project-E\for_docker\visualization\dashboard.py", line 172, in log_system_info
    import tensorflow as tf
ModuleNotFoundError: No module named 'tensorflow'

2025-05-01 12:21:54,164 - dashboard - ERROR - Traceback (most recent call last):
  File "D:\.Ucheba\ВКР\Project E\Project-E\for_docker\visualization\dashboard.py", line 172, in log_system_info
    import tensorflow as tf
ModuleNotFoundError: No module named 'tensorflow'

2025-05-01 12:21:54,168 - dashboard - INFO - Запуск основной функции дашборда
2025-05-01 12:21:54,168 - dashboard - INFO - Запуск основной функции дашборда
2025-05-01 12:21:54,168 - dashboard - INFO - Запуск основной функции дашборда
2025-05-01 12:21:54,168 - dashboard - INFO - Запуск основной функции дашборда
2025-05-01 12:21:54,173 - dashboard - INFO - Загрузка историй моделей из директории: ..\model_save_preset
2025-05-01 12:21:54,173 - dashboard - INFO - Загрузка историй моделей из директории: ..\model_save_preset
2025-05-01 12:21:54,173 - dashboard - INFO - Загрузка историй моделей из директории: ..\model_save_preset
2025-05-01 12:21:54,173 - dashboard - INFO - Загрузка историй моделей из директории: ..\model_save_preset
2025-05-01 12:21:54,202 - dashboard - INFO - Загружено 23 моделей из 5 групп
2025-05-01 12:21:54,202 - dashboard - INFO - Загружено 23 моделей из 5 групп
2025-05-01 12:21:54,202 - dashboard - INFO - Загружено 23 моделей из 5 групп
2025-05-01 12:21:54,202 - dashboard - INFO - Загружено 23 моделей из 5 групп
2025-05-01 12:21:54,203 - dashboard - INFO - Переход на страницу: Сравнение моделей
2025-05-01 12:21:54,203 - dashboard - INFO - Переход на страницу: Сравнение моделей
2025-05-01 12:21:54,203 - dashboard - INFO - Переход на страницу: Сравнение моделей
2025-05-01 12:21:54,203 - dashboard - INFO - Переход на страницу: Сравнение моделей
2025-05-01 12:21:54,218 - dashboard - INFO - Создание таблицы сравнения метрик
2025-05-01 12:21:54,218 - dashboard - INFO - Создание таблицы сравнения метрик
2025-05-01 12:21:54,218 - dashboard - INFO - Создание таблицы сравнения метрик
2025-05-01 12:21:54,218 - dashboard - INFO - Создание таблицы сравнения метрик
2025-05-01 12:21:54,220 - dashboard - INFO - Создана таблица сравнения с 23 моделями
2025-05-01 12:21:54,220 - dashboard - INFO - Создана таблица сравнения с 23 моделями
2025-05-01 12:21:54,220 - dashboard - INFO - Создана таблица сравнения с 23 моделями
2025-05-01 12:21:54,220 - dashboard - INFO - Создана таблица сравнения с 23 моделями
2025-05-01 12:21:56,457 - dashboard - INFO - Дашборд запущен
2025-05-01 12:21:56,457 - dashboard - INFO - Дашборд запущен
2025-05-01 12:21:56,457 - dashboard - INFO - Дашборд запущен
2025-05-01 12:21:56,457 - dashboard - INFO - Дашборд запущен
2025-05-01 12:21:56,457 - dashboard - INFO - Дашборд запущен
2025-05-01 12:21:56,461 - dashboard - ERROR - Ошибка при сборе системной информации: No module named 'tensorflow'
2025-05-01 12:21:56,461 - dashboard - ERROR - Ошибка при сборе системной информации: No module named 'tensorflow'
2025-05-01 12:21:56,461 - dashboard - ERROR - Ошибка при сборе системной информации: No module named 'tensorflow'
2025-05-01 12:21:56,461 - dashboard - ERROR - Ошибка при сборе системной информации: No module named 'tensorflow'
2025-05-01 12:21:56,461 - dashboard - ERROR - Ошибка при сборе системной информации: No module named 'tensorflow'
2025-05-01 12:21:56,463 - dashboard - ERROR - Traceback (most recent call last):
  File "D:\.Ucheba\ВКР\Project E\Project-E\for_docker\visualization\dashboard.py", line 172, in log_system_info
    import tensorflow as tf
ModuleNotFoundError: No module named 'tensorflow'

2025-05-01 12:21:56,463 - dashboard - ERROR - Traceback (most recent call last):
  File "D:\.Ucheba\ВКР\Project E\Project-E\for_docker\visualization\dashboard.py", line 172, in log_system_info
    import tensorflow as tf
ModuleNotFoundError: No module named 'tensorflow'

2025-05-01 12:21:56,463 - dashboard - ERROR - Traceback (most recent call last):
  File "D:\.Ucheba\ВКР\Project E\Project-E\for_docker\visualization\dashboard.py", line 172, in log_system_info
    import tensorflow as tf
ModuleNotFoundError: No module named 'tensorflow'

2025-05-01 12:21:56,463 - dashboard - ERROR - Traceback (most recent call last):
  File "D:\.Ucheba\ВКР\Project E\Project-E\for_docker\visualization\dashboard.py", line 172, in log_system_info
    import tensorflow as tf
ModuleNotFoundError: No module named 'tensorflow'

2025-05-01 12:21:56,463 - dashboard - ERROR - Traceback (most recent call last):
  File "D:\.Ucheba\ВКР\Project E\Project-E\for_docker\visualization\dashboard.py", line 172, in log_system_info
    import tensorflow as tf
ModuleNotFoundError: No module named 'tensorflow'

2025-05-01 12:21:56,463 - dashboard - INFO - Запуск основной функции дашборда
2025-05-01 12:21:56,463 - dashboard - INFO - Запуск основной функции дашборда
2025-05-01 12:21:56,463 - dashboard - INFO - Запуск основной функции дашборда
2025-05-01 12:21:56,463 - dashboard - INFO - Запуск основной функции дашборда
2025-05-01 12:21:56,463 - dashboard - INFO - Запуск основной функции дашборда
2025-05-01 12:21:56,472 - dashboard - INFO - Загрузка историй моделей из директории: ..\model_save_preset
2025-05-01 12:21:56,472 - dashboard - INFO - Загрузка историй моделей из директории: ..\model_save_preset
2025-05-01 12:21:56,472 - dashboard - INFO - Загрузка историй моделей из директории: ..\model_save_preset
2025-05-01 12:21:56,472 - dashboard - INFO - Загрузка историй моделей из директории: ..\model_save_preset
2025-05-01 12:21:56,472 - dashboard - INFO - Загрузка историй моделей из директории: ..\model_save_preset
2025-05-01 12:21:56,501 - dashboard - INFO - Загружено 23 моделей из 5 групп
2025-05-01 12:21:56,501 - dashboard - INFO - Загружено 23 моделей из 5 групп
2025-05-01 12:21:56,501 - dashboard - INFO - Загружено 23 моделей из 5 групп
2025-05-01 12:21:56,501 - dashboard - INFO - Загружено 23 моделей из 5 групп
2025-05-01 12:21:56,501 - dashboard - INFO - Загружено 23 моделей из 5 групп
2025-05-01 12:21:56,505 - dashboard - INFO - Переход на страницу: Сравнение моделей
2025-05-01 12:21:56,505 - dashboard - INFO - Переход на страницу: Сравнение моделей
2025-05-01 12:21:56,505 - dashboard - INFO - Переход на страницу: Сравнение моделей
2025-05-01 12:21:56,505 - dashboard - INFO - Переход на страницу: Сравнение моделей
2025-05-01 12:21:56,505 - dashboard - INFO - Переход на страницу: Сравнение моделей
2025-05-01 12:21:56,517 - dashboard - INFO - Создание таблицы сравнения метрик
2025-05-01 12:21:56,517 - dashboard - INFO - Создание таблицы сравнения метрик
2025-05-01 12:21:56,517 - dashboard - INFO - Создание таблицы сравнения метрик
2025-05-01 12:21:56,517 - dashboard - INFO - Создание таблицы сравнения метрик
2025-05-01 12:21:56,517 - dashboard - INFO - Создание таблицы сравнения метрик
2025-05-01 12:21:56,521 - dashboard - INFO - Создана таблица сравнения с 23 моделями
2025-05-01 12:21:56,521 - dashboard - INFO - Создана таблица сравнения с 23 моделями
2025-05-01 12:21:56,521 - dashboard - INFO - Создана таблица сравнения с 23 моделями
2025-05-01 12:21:56,521 - dashboard - INFO - Создана таблица сравнения с 23 моделями
2025-05-01 12:21:56,521 - dashboard - INFO - Создана таблица сравнения с 23 моделями
2025-05-01 12:22:08,461 - dashboard - INFO - Дашборд запущен
2025-05-01 12:22:08,461 - dashboard - INFO - Дашборд запущен
2025-05-01 12:22:08,461 - dashboard - INFO - Дашборд запущен
2025-05-01 12:22:08,461 - dashboard - INFO - Дашборд запущен
2025-05-01 12:22:08,461 - dashboard - INFO - Дашборд запущен
2025-05-01 12:22:08,461 - dashboard - INFO - Дашборд запущен
2025-05-01 12:22:08,469 - dashboard - ERROR - Ошибка при сборе системной информации: No module named 'tensorflow'
2025-05-01 12:22:08,469 - dashboard - ERROR - Ошибка при сборе системной информации: No module named 'tensorflow'
2025-05-01 12:22:08,469 - dashboard - ERROR - Ошибка при сборе системной информации: No module named 'tensorflow'
2025-05-01 12:22:08,469 - dashboard - ERROR - Ошибка при сборе системной информации: No module named 'tensorflow'
2025-05-01 12:22:08,469 - dashboard - ERROR - Ошибка при сборе системной информации: No module named 'tensorflow'
2025-05-01 12:22:08,469 - dashboard - ERROR - Ошибка при сборе системной информации: No module named 'tensorflow'
2025-05-01 12:22:08,471 - dashboard - ERROR - Traceback (most recent call last):
  File "D:\.Ucheba\ВКР\Project E\Project-E\for_docker\visualization\dashboard.py", line 172, in log_system_info
    import tensorflow as tf
ModuleNotFoundError: No module named 'tensorflow'

2025-05-01 12:22:08,471 - dashboard - ERROR - Traceback (most recent call last):
  File "D:\.Ucheba\ВКР\Project E\Project-E\for_docker\visualization\dashboard.py", line 172, in log_system_info
    import tensorflow as tf
ModuleNotFoundError: No module named 'tensorflow'

2025-05-01 12:22:08,471 - dashboard - ERROR - Traceback (most recent call last):
  File "D:\.Ucheba\ВКР\Project E\Project-E\for_docker\visualization\dashboard.py", line 172, in log_system_info
    import tensorflow as tf
ModuleNotFoundError: No module named 'tensorflow'

2025-05-01 12:22:08,471 - dashboard - ERROR - Traceback (most recent call last):
  File "D:\.Ucheba\ВКР\Project E\Project-E\for_docker\visualization\dashboard.py", line 172, in log_system_info
    import tensorflow as tf
ModuleNotFoundError: No module named 'tensorflow'

2025-05-01 12:22:08,471 - dashboard - ERROR - Traceback (most recent call last):
  File "D:\.Ucheba\ВКР\Project E\Project-E\for_docker\visualization\dashboard.py", line 172, in log_system_info
    import tensorflow as tf
ModuleNotFoundError: No module named 'tensorflow'

2025-05-01 12:22:08,471 - dashboard - ERROR - Traceback (most recent call last):
  File "D:\.Ucheba\ВКР\Project E\Project-E\for_docker\visualization\dashboard.py", line 172, in log_system_info
    import tensorflow as tf
ModuleNotFoundError: No module named 'tensorflow'

2025-05-01 12:22:08,472 - dashboard - INFO - Запуск основной функции дашборда
2025-05-01 12:22:08,472 - dashboard - INFO - Запуск основной функции дашборда
2025-05-01 12:22:08,472 - dashboard - INFO - Запуск основной функции дашборда
2025-05-01 12:22:08,472 - dashboard - INFO - Запуск основной функции дашборда
2025-05-01 12:22:08,472 - dashboard - INFO - Запуск основной функции дашборда
2025-05-01 12:22:08,472 - dashboard - INFO - Запуск основной функции дашборда
2025-05-01 12:22:08,477 - dashboard - INFO - Загрузка историй моделей из директории: ..\model_save_preset
2025-05-01 12:22:08,477 - dashboard - INFO - Загрузка историй моделей из директории: ..\model_save_preset
2025-05-01 12:22:08,477 - dashboard - INFO - Загрузка историй моделей из директории: ..\model_save_preset
2025-05-01 12:22:08,477 - dashboard - INFO - Загрузка историй моделей из директории: ..\model_save_preset
2025-05-01 12:22:08,477 - dashboard - INFO - Загрузка историй моделей из директории: ..\model_save_preset
2025-05-01 12:22:08,477 - dashboard - INFO - Загрузка историй моделей из директории: ..\model_save_preset
2025-05-01 12:22:08,548 - dashboard - INFO - Загружено 23 моделей из 5 групп
2025-05-01 12:22:08,548 - dashboard - INFO - Загружено 23 моделей из 5 групп
2025-05-01 12:22:08,548 - dashboard - INFO - Загружено 23 моделей из 5 групп
2025-05-01 12:22:08,548 - dashboard - INFO - Загружено 23 моделей из 5 групп
2025-05-01 12:22:08,548 - dashboard - INFO - Загружено 23 моделей из 5 групп
2025-05-01 12:22:08,548 - dashboard - INFO - Загружено 23 моделей из 5 групп
2025-05-01 12:22:08,555 - dashboard - INFO - Переход на страницу: Сравнение моделей
2025-05-01 12:22:08,555 - dashboard - INFO - Переход на страницу: Сравнение моделей
2025-05-01 12:22:08,555 - dashboard - INFO - Переход на страницу: Сравнение моделей
2025-05-01 12:22:08,555 - dashboard - INFO - Переход на страницу: Сравнение моделей
2025-05-01 12:22:08,555 - dashboard - INFO - Переход на страницу: Сравнение моделей
2025-05-01 12:22:08,555 - dashboard - INFO - Переход на страницу: Сравнение моделей
2025-05-01 12:22:08,563 - dashboard - INFO - Создание таблицы сравнения метрик
2025-05-01 12:22:08,563 - dashboard - INFO - Создание таблицы сравнения метрик
2025-05-01 12:22:08,563 - dashboard - INFO - Создание таблицы сравнения метрик
2025-05-01 12:22:08,563 - dashboard - INFO - Создание таблицы сравнения метрик
2025-05-01 12:22:08,563 - dashboard - INFO - Создание таблицы сравнения метрик
2025-05-01 12:22:08,563 - dashboard - INFO - Создание таблицы сравнения метрик
2025-05-01 12:22:08,564 - dashboard - INFO - Создана таблица сравнения с 23 моделями
2025-05-01 12:22:08,564 - dashboard - INFO - Создана таблица сравнения с 23 моделями
2025-05-01 12:22:08,564 - dashboard - INFO - Создана таблица сравнения с 23 моделями
2025-05-01 12:22:08,564 - dashboard - INFO - Создана таблица сравнения с 23 моделями
2025-05-01 12:22:08,564 - dashboard - INFO - Создана таблица сравнения с 23 моделями
2025-05-01 12:22:08,564 - dashboard - INFO - Создана таблица сравнения с 23 моделями
2025-05-01 12:22:21,162 - dashboard - INFO - Дашборд запущен
2025-05-01 12:22:21,162 - dashboard - INFO - Дашборд запущен
2025-05-01 12:22:21,162 - dashboard - INFO - Дашборд запущен
2025-05-01 12:22:21,162 - dashboard - INFO - Дашборд запущен
2025-05-01 12:22:21,162 - dashboard - INFO - Дашборд запущен
2025-05-01 12:22:21,162 - dashboard - INFO - Дашборд запущен
2025-05-01 12:22:21,162 - dashboard - INFO - Дашборд запущен
2025-05-01 12:22:21,190 - dashboard - ERROR - Ошибка при сборе системной информации: No module named 'tensorflow'
2025-05-01 12:22:21,190 - dashboard - ERROR - Ошибка при сборе системной информации: No module named 'tensorflow'
2025-05-01 12:22:21,190 - dashboard - ERROR - Ошибка при сборе системной информации: No module named 'tensorflow'
2025-05-01 12:22:21,190 - dashboard - ERROR - Ошибка при сборе системной информации: No module named 'tensorflow'
2025-05-01 12:22:21,190 - dashboard - ERROR - Ошибка при сборе системной информации: No module named 'tensorflow'
2025-05-01 12:22:21,190 - dashboard - ERROR - Ошибка при сборе системной информации: No module named 'tensorflow'
2025-05-01 12:22:21,190 - dashboard - ERROR - Ошибка при сборе системной информации: No module named 'tensorflow'
2025-05-01 12:22:21,192 - dashboard - ERROR - Traceback (most recent call last):
  File "D:\.Ucheba\ВКР\Project E\Project-E\for_docker\visualization\dashboard.py", line 172, in log_system_info
    import tensorflow as tf
ModuleNotFoundError: No module named 'tensorflow'

2025-05-01 12:22:21,192 - dashboard - ERROR - Traceback (most recent call last):
  File "D:\.Ucheba\ВКР\Project E\Project-E\for_docker\visualization\dashboard.py", line 172, in log_system_info
    import tensorflow as tf
ModuleNotFoundError: No module named 'tensorflow'

2025-05-01 12:22:21,192 - dashboard - ERROR - Traceback (most recent call last):
  File "D:\.Ucheba\ВКР\Project E\Project-E\for_docker\visualization\dashboard.py", line 172, in log_system_info
    import tensorflow as tf
ModuleNotFoundError: No module named 'tensorflow'

2025-05-01 12:22:21,192 - dashboard - ERROR - Traceback (most recent call last):
  File "D:\.Ucheba\ВКР\Project E\Project-E\for_docker\visualization\dashboard.py", line 172, in log_system_info
    import tensorflow as tf
ModuleNotFoundError: No module named 'tensorflow'

2025-05-01 12:22:21,192 - dashboard - ERROR - Traceback (most recent call last):
  File "D:\.Ucheba\ВКР\Project E\Project-E\for_docker\visualization\dashboard.py", line 172, in log_system_info
    import tensorflow as tf
ModuleNotFoundError: No module named 'tensorflow'

2025-05-01 12:22:21,192 - dashboard - ERROR - Traceback (most recent call last):
  File "D:\.Ucheba\ВКР\Project E\Project-E\for_docker\visualization\dashboard.py", line 172, in log_system_info
    import tensorflow as tf
ModuleNotFoundError: No module named 'tensorflow'

2025-05-01 12:22:21,192 - dashboard - ERROR - Traceback (most recent call last):
  File "D:\.Ucheba\ВКР\Project E\Project-E\for_docker\visualization\dashboard.py", line 172, in log_system_info
    import tensorflow as tf
ModuleNotFoundError: No module named 'tensorflow'

2025-05-01 12:22:21,201 - dashboard - INFO - Запуск основной функции дашборда
2025-05-01 12:22:21,201 - dashboard - INFO - Запуск основной функции дашборда
2025-05-01 12:22:21,201 - dashboard - INFO - Запуск основной функции дашборда
2025-05-01 12:22:21,201 - dashboard - INFO - Запуск основной функции дашборда
2025-05-01 12:22:21,201 - dashboard - INFO - Запуск основной функции дашборда
2025-05-01 12:22:21,201 - dashboard - INFO - Запуск основной функции дашборда
2025-05-01 12:22:21,201 - dashboard - INFO - Запуск основной функции дашборда
2025-05-01 12:22:21,204 - dashboard - INFO - Загрузка историй моделей из директории: ..\model_save_preset
2025-05-01 12:22:21,204 - dashboard - INFO - Загрузка историй моделей из директории: ..\model_save_preset
2025-05-01 12:22:21,204 - dashboard - INFO - Загрузка историй моделей из директории: ..\model_save_preset
2025-05-01 12:22:21,204 - dashboard - INFO - Загрузка историй моделей из директории: ..\model_save_preset
2025-05-01 12:22:21,204 - dashboard - INFO - Загрузка историй моделей из директории: ..\model_save_preset
2025-05-01 12:22:21,204 - dashboard - INFO - Загрузка историй моделей из директории: ..\model_save_preset
2025-05-01 12:22:21,204 - dashboard - INFO - Загрузка историй моделей из директории: ..\model_save_preset
2025-05-01 12:22:21,245 - dashboard - INFO - Загружено 23 моделей из 5 групп
2025-05-01 12:22:21,245 - dashboard - INFO - Загружено 23 моделей из 5 групп
2025-05-01 12:22:21,245 - dashboard - INFO - Загружено 23 моделей из 5 групп
2025-05-01 12:22:21,245 - dashboard - INFO - Загружено 23 моделей из 5 групп
2025-05-01 12:22:21,245 - dashboard - INFO - Загружено 23 моделей из 5 групп
2025-05-01 12:22:21,245 - dashboard - INFO - Загружено 23 моделей из 5 групп
2025-05-01 12:22:21,245 - dashboard - INFO - Загружено 23 моделей из 5 групп
2025-05-01 12:22:21,247 - dashboard - INFO - Переход на страницу: Сравнение моделей
2025-05-01 12:22:21,247 - dashboard - INFO - Переход на страницу: Сравнение моделей
2025-05-01 12:22:21,247 - dashboard - INFO - Переход на страницу: Сравнение моделей
2025-05-01 12:22:21,247 - dashboard - INFO - Переход на страницу: Сравнение моделей
2025-05-01 12:22:21,247 - dashboard - INFO - Переход на страницу: Сравнение моделей
2025-05-01 12:22:21,247 - dashboard - INFO - Переход на страницу: Сравнение моделей
2025-05-01 12:22:21,247 - dashboard - INFO - Переход на страницу: Сравнение моделей
2025-05-01 12:22:21,259 - dashboard - INFO - Создание таблицы сравнения метрик
2025-05-01 12:22:21,259 - dashboard - INFO - Создание таблицы сравнения метрик
2025-05-01 12:22:21,259 - dashboard - INFO - Создание таблицы сравнения метрик
2025-05-01 12:22:21,259 - dashboard - INFO - Создание таблицы сравнения метрик
2025-05-01 12:22:21,259 - dashboard - INFO - Создание таблицы сравнения метрик
2025-05-01 12:22:21,259 - dashboard - INFO - Создание таблицы сравнения метрик
2025-05-01 12:22:21,259 - dashboard - INFO - Создание таблицы сравнения метрик
2025-05-01 12:22:21,261 - dashboard - INFO - Создана таблица сравнения с 23 моделями
2025-05-01 12:22:21,261 - dashboard - INFO - Создана таблица сравнения с 23 моделями
2025-05-01 12:22:21,261 - dashboard - INFO - Создана таблица сравнения с 23 моделями
2025-05-01 12:22:21,261 - dashboard - INFO - Создана таблица сравнения с 23 моделями
2025-05-01 12:22:21,261 - dashboard - INFO - Создана таблица сравнения с 23 моделями
2025-05-01 12:22:21,261 - dashboard - INFO - Создана таблица сравнения с 23 моделями
2025-05-01 12:22:21,261 - dashboard - INFO - Создана таблица сравнения с 23 моделями
2025-05-01 12:22:25,054 - dashboard - INFO - Дашборд запущен
2025-05-01 12:22:25,054 - dashboard - INFO - Дашборд запущен
2025-05-01 12:22:25,054 - dashboard - INFO - Дашборд запущен
2025-05-01 12:22:25,054 - dashboard - INFO - Дашборд запущен
2025-05-01 12:22:25,054 - dashboard - INFO - Дашборд запущен
2025-05-01 12:22:25,054 - dashboard - INFO - Дашборд запущен
2025-05-01 12:22:25,054 - dashboard - INFO - Дашборд запущен
2025-05-01 12:22:25,054 - dashboard - INFO - Дашборд запущен
2025-05-01 12:22:25,082 - dashboard - ERROR - Ошибка при сборе системной информации: No module named 'tensorflow'
2025-05-01 12:22:25,082 - dashboard - ERROR - Ошибка при сборе системной информации: No module named 'tensorflow'
2025-05-01 12:22:25,082 - dashboard - ERROR - Ошибка при сборе системной информации: No module named 'tensorflow'
2025-05-01 12:22:25,082 - dashboard - ERROR - Ошибка при сборе системной информации: No module named 'tensorflow'
2025-05-01 12:22:25,082 - dashboard - ERROR - Ошибка при сборе системной информации: No module named 'tensorflow'
2025-05-01 12:22:25,082 - dashboard - ERROR - Ошибка при сборе системной информации: No module named 'tensorflow'
2025-05-01 12:22:25,082 - dashboard - ERROR - Ошибка при сборе системной информации: No module named 'tensorflow'
2025-05-01 12:22:25,082 - dashboard - ERROR - Ошибка при сборе системной информации: No module named 'tensorflow'
2025-05-01 12:22:25,085 - dashboard - ERROR - Traceback (most recent call last):
  File "D:\.Ucheba\ВКР\Project E\Project-E\for_docker\visualization\dashboard.py", line 172, in log_system_info
    import tensorflow as tf
ModuleNotFoundError: No module named 'tensorflow'

2025-05-01 12:22:25,085 - dashboard - ERROR - Traceback (most recent call last):
  File "D:\.Ucheba\ВКР\Project E\Project-E\for_docker\visualization\dashboard.py", line 172, in log_system_info
    import tensorflow as tf
ModuleNotFoundError: No module named 'tensorflow'

2025-05-01 12:22:25,085 - dashboard - ERROR - Traceback (most recent call last):
  File "D:\.Ucheba\ВКР\Project E\Project-E\for_docker\visualization\dashboard.py", line 172, in log_system_info
    import tensorflow as tf
ModuleNotFoundError: No module named 'tensorflow'

2025-05-01 12:22:25,085 - dashboard - ERROR - Traceback (most recent call last):
  File "D:\.Ucheba\ВКР\Project E\Project-E\for_docker\visualization\dashboard.py", line 172, in log_system_info
    import tensorflow as tf
ModuleNotFoundError: No module named 'tensorflow'

2025-05-01 12:22:25,085 - dashboard - ERROR - Traceback (most recent call last):
  File "D:\.Ucheba\ВКР\Project E\Project-E\for_docker\visualization\dashboard.py", line 172, in log_system_info
    import tensorflow as tf
ModuleNotFoundError: No module named 'tensorflow'

2025-05-01 12:22:25,085 - dashboard - ERROR - Traceback (most recent call last):
  File "D:\.Ucheba\ВКР\Project E\Project-E\for_docker\visualization\dashboard.py", line 172, in log_system_info
    import tensorflow as tf
ModuleNotFoundError: No module named 'tensorflow'

2025-05-01 12:22:25,085 - dashboard - ERROR - Traceback (most recent call last):
  File "D:\.Ucheba\ВКР\Project E\Project-E\for_docker\visualization\dashboard.py", line 172, in log_system_info
    import tensorflow as tf
ModuleNotFoundError: No module named 'tensorflow'

2025-05-01 12:22:25,085 - dashboard - ERROR - Traceback (most recent call last):
  File "D:\.Ucheba\ВКР\Project E\Project-E\for_docker\visualization\dashboard.py", line 172, in log_system_info
    import tensorflow as tf
ModuleNotFoundError: No module named 'tensorflow'

2025-05-01 12:22:25,088 - dashboard - INFO - Запуск основной функции дашборда
2025-05-01 12:22:25,088 - dashboard - INFO - Запуск основной функции дашборда
2025-05-01 12:22:25,088 - dashboard - INFO - Запуск основной функции дашборда
2025-05-01 12:22:25,088 - dashboard - INFO - Запуск основной функции дашборда
2025-05-01 12:22:25,088 - dashboard - INFO - Запуск основной функции дашборда
2025-05-01 12:22:25,088 - dashboard - INFO - Запуск основной функции дашборда
2025-05-01 12:22:25,088 - dashboard - INFO - Запуск основной функции дашборда
2025-05-01 12:22:25,088 - dashboard - INFO - Запуск основной функции дашборда
2025-05-01 12:22:25,091 - dashboard - INFO - Загрузка историй моделей из директории: ..\model_save_preset
2025-05-01 12:22:25,091 - dashboard - INFO - Загрузка историй моделей из директории: ..\model_save_preset
2025-05-01 12:22:25,091 - dashboard - INFO - Загрузка историй моделей из директории: ..\model_save_preset
2025-05-01 12:22:25,091 - dashboard - INFO - Загрузка историй моделей из директории: ..\model_save_preset
2025-05-01 12:22:25,091 - dashboard - INFO - Загрузка историй моделей из директории: ..\model_save_preset
2025-05-01 12:22:25,091 - dashboard - INFO - Загрузка историй моделей из директории: ..\model_save_preset
2025-05-01 12:22:25,091 - dashboard - INFO - Загрузка историй моделей из директории: ..\model_save_preset
2025-05-01 12:22:25,091 - dashboard - INFO - Загрузка историй моделей из директории: ..\model_save_preset
2025-05-01 12:22:25,144 - dashboard - INFO - Загружено 23 моделей из 5 групп
2025-05-01 12:22:25,144 - dashboard - INFO - Загружено 23 моделей из 5 групп
2025-05-01 12:22:25,144 - dashboard - INFO - Загружено 23 моделей из 5 групп
2025-05-01 12:22:25,144 - dashboard - INFO - Загружено 23 моделей из 5 групп
2025-05-01 12:22:25,144 - dashboard - INFO - Загружено 23 моделей из 5 групп
2025-05-01 12:22:25,144 - dashboard - INFO - Загружено 23 моделей из 5 групп
2025-05-01 12:22:25,144 - dashboard - INFO - Загружено 23 моделей из 5 групп
2025-05-01 12:22:25,144 - dashboard - INFO - Загружено 23 моделей из 5 групп
2025-05-01 12:22:25,146 - dashboard - INFO - Переход на страницу: Сравнение моделей
2025-05-01 12:22:25,146 - dashboard - INFO - Переход на страницу: Сравнение моделей
2025-05-01 12:22:25,146 - dashboard - INFO - Переход на страницу: Сравнение моделей
2025-05-01 12:22:25,146 - dashboard - INFO - Переход на страницу: Сравнение моделей
2025-05-01 12:22:25,146 - dashboard - INFO - Переход на страницу: Сравнение моделей
2025-05-01 12:22:25,146 - dashboard - INFO - Переход на страницу: Сравнение моделей
2025-05-01 12:22:25,146 - dashboard - INFO - Переход на страницу: Сравнение моделей
2025-05-01 12:22:25,146 - dashboard - INFO - Переход на страницу: Сравнение моделей
2025-05-01 12:22:25,158 - dashboard - INFO - Создание таблицы сравнения метрик
2025-05-01 12:22:25,158 - dashboard - INFO - Создание таблицы сравнения метрик
2025-05-01 12:22:25,158 - dashboard - INFO - Создание таблицы сравнения метрик
2025-05-01 12:22:25,158 - dashboard - INFO - Создание таблицы сравнения метрик
2025-05-01 12:22:25,158 - dashboard - INFO - Создание таблицы сравнения метрик
2025-05-01 12:22:25,158 - dashboard - INFO - Создание таблицы сравнения метрик
2025-05-01 12:22:25,158 - dashboard - INFO - Создание таблицы сравнения метрик
2025-05-01 12:22:25,158 - dashboard - INFO - Создание таблицы сравнения метрик
2025-05-01 12:22:25,183 - dashboard - INFO - Создана таблица сравнения с 23 моделями
2025-05-01 12:22:25,183 - dashboard - INFO - Создана таблица сравнения с 23 моделями
2025-05-01 12:22:25,183 - dashboard - INFO - Создана таблица сравнения с 23 моделями
2025-05-01 12:22:25,183 - dashboard - INFO - Создана таблица сравнения с 23 моделями
2025-05-01 12:22:25,183 - dashboard - INFO - Создана таблица сравнения с 23 моделями
2025-05-01 12:22:25,183 - dashboard - INFO - Создана таблица сравнения с 23 моделями
2025-05-01 12:22:25,183 - dashboard - INFO - Создана таблица сравнения с 23 моделями
2025-05-01 12:22:25,183 - dashboard - INFO - Создана таблица сравнения с 23 моделями
2025-05-01 12:22:27,086 - dashboard - INFO - Дашборд запущен
2025-05-01 12:22:27,086 - dashboard - INFO - Дашборд запущен
2025-05-01 12:22:27,086 - dashboard - INFO - Дашборд запущен
2025-05-01 12:22:27,086 - dashboard - INFO - Дашборд запущен
2025-05-01 12:22:27,086 - dashboard - INFO - Дашборд запущен
2025-05-01 12:22:27,086 - dashboard - INFO - Дашборд запущен
2025-05-01 12:22:27,086 - dashboard - INFO - Дашборд запущен
2025-05-01 12:22:27,086 - dashboard - INFO - Дашборд запущен
2025-05-01 12:22:27,086 - dashboard - INFO - Дашборд запущен
2025-05-01 12:22:27,090 - dashboard - ERROR - Ошибка при сборе системной информации: No module named 'tensorflow'
2025-05-01 12:22:27,090 - dashboard - ERROR - Ошибка при сборе системной информации: No module named 'tensorflow'
2025-05-01 12:22:27,090 - dashboard - ERROR - Ошибка при сборе системной информации: No module named 'tensorflow'
2025-05-01 12:22:27,090 - dashboard - ERROR - Ошибка при сборе системной информации: No module named 'tensorflow'
2025-05-01 12:22:27,090 - dashboard - ERROR - Ошибка при сборе системной информации: No module named 'tensorflow'
2025-05-01 12:22:27,090 - dashboard - ERROR - Ошибка при сборе системной информации: No module named 'tensorflow'
2025-05-01 12:22:27,090 - dashboard - ERROR - Ошибка при сборе системной информации: No module named 'tensorflow'
2025-05-01 12:22:27,090 - dashboard - ERROR - Ошибка при сборе системной информации: No module named 'tensorflow'
2025-05-01 12:22:27,090 - dashboard - ERROR - Ошибка при сборе системной информации: No module named 'tensorflow'
2025-05-01 12:22:27,092 - dashboard - ERROR - Traceback (most recent call last):
  File "D:\.Ucheba\ВКР\Project E\Project-E\for_docker\visualization\dashboard.py", line 172, in log_system_info
    import tensorflow as tf
ModuleNotFoundError: No module named 'tensorflow'

2025-05-01 12:22:27,092 - dashboard - ERROR - Traceback (most recent call last):
  File "D:\.Ucheba\ВКР\Project E\Project-E\for_docker\visualization\dashboard.py", line 172, in log_system_info
    import tensorflow as tf
ModuleNotFoundError: No module named 'tensorflow'

2025-05-01 12:22:27,092 - dashboard - ERROR - Traceback (most recent call last):
  File "D:\.Ucheba\ВКР\Project E\Project-E\for_docker\visualization\dashboard.py", line 172, in log_system_info
    import tensorflow as tf
ModuleNotFoundError: No module named 'tensorflow'

2025-05-01 12:22:27,092 - dashboard - ERROR - Traceback (most recent call last):
  File "D:\.Ucheba\ВКР\Project E\Project-E\for_docker\visualization\dashboard.py", line 172, in log_system_info
    import tensorflow as tf
ModuleNotFoundError: No module named 'tensorflow'

2025-05-01 12:22:27,092 - dashboard - ERROR - Traceback (most recent call last):
  File "D:\.Ucheba\ВКР\Project E\Project-E\for_docker\visualization\dashboard.py", line 172, in log_system_info
    import tensorflow as tf
ModuleNotFoundError: No module named 'tensorflow'

2025-05-01 12:22:27,092 - dashboard - ERROR - Traceback (most recent call last):
  File "D:\.Ucheba\ВКР\Project E\Project-E\for_docker\visualization\dashboard.py", line 172, in log_system_info
    import tensorflow as tf
ModuleNotFoundError: No module named 'tensorflow'

2025-05-01 12:22:27,092 - dashboard - ERROR - Traceback (most recent call last):
  File "D:\.Ucheba\ВКР\Project E\Project-E\for_docker\visualization\dashboard.py", line 172, in log_system_info
    import tensorflow as tf
ModuleNotFoundError: No module named 'tensorflow'

2025-05-01 12:22:27,092 - dashboard - ERROR - Traceback (most recent call last):
  File "D:\.Ucheba\ВКР\Project E\Project-E\for_docker\visualization\dashboard.py", line 172, in log_system_info
    import tensorflow as tf
ModuleNotFoundError: No module named 'tensorflow'

2025-05-01 12:22:27,092 - dashboard - ERROR - Traceback (most recent call last):
  File "D:\.Ucheba\ВКР\Project E\Project-E\for_docker\visualization\dashboard.py", line 172, in log_system_info
    import tensorflow as tf
ModuleNotFoundError: No module named 'tensorflow'

2025-05-01 12:22:27,092 - dashboard - INFO - Запуск основной функции дашборда
2025-05-01 12:22:27,092 - dashboard - INFO - Запуск основной функции дашборда
2025-05-01 12:22:27,092 - dashboard - INFO - Запуск основной функции дашборда
2025-05-01 12:22:27,092 - dashboard - INFO - Запуск основной функции дашборда
2025-05-01 12:22:27,092 - dashboard - INFO - Запуск основной функции дашборда
2025-05-01 12:22:27,092 - dashboard - INFO - Запуск основной функции дашборда
2025-05-01 12:22:27,092 - dashboard - INFO - Запуск основной функции дашборда
2025-05-01 12:22:27,092 - dashboard - INFO - Запуск основной функции дашборда
2025-05-01 12:22:27,092 - dashboard - INFO - Запуск основной функции дашборда
2025-05-01 12:22:27,099 - dashboard - INFO - Загрузка историй моделей из директории: ..\model_save_preset
2025-05-01 12:22:27,099 - dashboard - INFO - Загрузка историй моделей из директории: ..\model_save_preset
2025-05-01 12:22:27,099 - dashboard - INFO - Загрузка историй моделей из директории: ..\model_save_preset
2025-05-01 12:22:27,099 - dashboard - INFO - Загрузка историй моделей из директории: ..\model_save_preset
2025-05-01 12:22:27,099 - dashboard - INFO - Загрузка историй моделей из директории: ..\model_save_preset
2025-05-01 12:22:27,099 - dashboard - INFO - Загрузка историй моделей из директории: ..\model_save_preset
2025-05-01 12:22:27,099 - dashboard - INFO - Загрузка историй моделей из директории: ..\model_save_preset
2025-05-01 12:22:27,099 - dashboard - INFO - Загрузка историй моделей из директории: ..\model_save_preset
2025-05-01 12:22:27,099 - dashboard - INFO - Загрузка историй моделей из директории: ..\model_save_preset
2025-05-01 12:22:27,127 - dashboard - INFO - Загружено 23 моделей из 5 групп
2025-05-01 12:22:27,127 - dashboard - INFO - Загружено 23 моделей из 5 групп
2025-05-01 12:22:27,127 - dashboard - INFO - Загружено 23 моделей из 5 групп
2025-05-01 12:22:27,127 - dashboard - INFO - Загружено 23 моделей из 5 групп
2025-05-01 12:22:27,127 - dashboard - INFO - Загружено 23 моделей из 5 групп
2025-05-01 12:22:27,127 - dashboard - INFO - Загружено 23 моделей из 5 групп
2025-05-01 12:22:27,127 - dashboard - INFO - Загружено 23 моделей из 5 групп
2025-05-01 12:22:27,127 - dashboard - INFO - Загружено 23 моделей из 5 групп
2025-05-01 12:22:27,127 - dashboard - INFO - Загружено 23 моделей из 5 групп
2025-05-01 12:22:27,129 - dashboard - INFO - Переход на страницу: Сравнение моделей
2025-05-01 12:22:27,129 - dashboard - INFO - Переход на страницу: Сравнение моделей
2025-05-01 12:22:27,129 - dashboard - INFO - Переход на страницу: Сравнение моделей
2025-05-01 12:22:27,129 - dashboard - INFO - Переход на страницу: Сравнение моделей
2025-05-01 12:22:27,129 - dashboard - INFO - Переход на страницу: Сравнение моделей
2025-05-01 12:22:27,129 - dashboard - INFO - Переход на страницу: Сравнение моделей
2025-05-01 12:22:27,129 - dashboard - INFO - Переход на страницу: Сравнение моделей
2025-05-01 12:22:27,129 - dashboard - INFO - Переход на страницу: Сравнение моделей
2025-05-01 12:22:27,129 - dashboard - INFO - Переход на страницу: Сравнение моделей
2025-05-01 12:22:27,135 - dashboard - INFO - Создание таблицы сравнения метрик
2025-05-01 12:22:27,135 - dashboard - INFO - Создание таблицы сравнения метрик
2025-05-01 12:22:27,135 - dashboard - INFO - Создание таблицы сравнения метрик
2025-05-01 12:22:27,135 - dashboard - INFO - Создание таблицы сравнения метрик
2025-05-01 12:22:27,135 - dashboard - INFO - Создание таблицы сравнения метрик
2025-05-01 12:22:27,135 - dashboard - INFO - Создание таблицы сравнения метрик
2025-05-01 12:22:27,135 - dashboard - INFO - Создание таблицы сравнения метрик
2025-05-01 12:22:27,135 - dashboard - INFO - Создание таблицы сравнения метрик
2025-05-01 12:22:27,135 - dashboard - INFO - Создание таблицы сравнения метрик
2025-05-01 12:22:27,141 - dashboard - INFO - Создана таблица сравнения с 23 моделями
2025-05-01 12:22:27,141 - dashboard - INFO - Создана таблица сравнения с 23 моделями
2025-05-01 12:22:27,141 - dashboard - INFO - Создана таблица сравнения с 23 моделями
2025-05-01 12:22:27,141 - dashboard - INFO - Создана таблица сравнения с 23 моделями
2025-05-01 12:22:27,141 - dashboard - INFO - Создана таблица сравнения с 23 моделями
2025-05-01 12:22:27,141 - dashboard - INFO - Создана таблица сравнения с 23 моделями
2025-05-01 12:22:27,141 - dashboard - INFO - Создана таблица сравнения с 23 моделями
2025-05-01 12:22:27,141 - dashboard - INFO - Создана таблица сравнения с 23 моделями
2025-05-01 12:22:27,141 - dashboard - INFO - Создана таблица сравнения с 23 моделями
2025-05-01 12:22:29,490 - dashboard - INFO - Дашборд запущен
2025-05-01 12:22:29,490 - dashboard - INFO - Дашборд запущен
2025-05-01 12:22:29,490 - dashboard - INFO - Дашборд запущен
2025-05-01 12:22:29,490 - dashboard - INFO - Дашборд запущен
2025-05-01 12:22:29,490 - dashboard - INFO - Дашборд запущен
2025-05-01 12:22:29,490 - dashboard - INFO - Дашборд запущен
2025-05-01 12:22:29,490 - dashboard - INFO - Дашборд запущен
2025-05-01 12:22:29,490 - dashboard - INFO - Дашборд запущен
2025-05-01 12:22:29,490 - dashboard - INFO - Дашборд запущен
2025-05-01 12:22:29,490 - dashboard - INFO - Дашборд запущен
2025-05-01 12:22:29,498 - dashboard - ERROR - Ошибка при сборе системной информации: No module named 'tensorflow'
2025-05-01 12:22:29,498 - dashboard - ERROR - Ошибка при сборе системной информации: No module named 'tensorflow'
2025-05-01 12:22:29,498 - dashboard - ERROR - Ошибка при сборе системной информации: No module named 'tensorflow'
2025-05-01 12:22:29,498 - dashboard - ERROR - Ошибка при сборе системной информации: No module named 'tensorflow'
2025-05-01 12:22:29,498 - dashboard - ERROR - Ошибка при сборе системной информации: No module named 'tensorflow'
2025-05-01 12:22:29,498 - dashboard - ERROR - Ошибка при сборе системной информации: No module named 'tensorflow'
2025-05-01 12:22:29,498 - dashboard - ERROR - Ошибка при сборе системной информации: No module named 'tensorflow'
2025-05-01 12:22:29,498 - dashboard - ERROR - Ошибка при сборе системной информации: No module named 'tensorflow'
2025-05-01 12:22:29,498 - dashboard - ERROR - Ошибка при сборе системной информации: No module named 'tensorflow'
2025-05-01 12:22:29,498 - dashboard - ERROR - Ошибка при сборе системной информации: No module named 'tensorflow'
2025-05-01 12:22:29,499 - dashboard - ERROR - Traceback (most recent call last):
  File "D:\.Ucheba\ВКР\Project E\Project-E\for_docker\visualization\dashboard.py", line 172, in log_system_info
    import tensorflow as tf
ModuleNotFoundError: No module named 'tensorflow'

2025-05-01 12:22:29,499 - dashboard - ERROR - Traceback (most recent call last):
  File "D:\.Ucheba\ВКР\Project E\Project-E\for_docker\visualization\dashboard.py", line 172, in log_system_info
    import tensorflow as tf
ModuleNotFoundError: No module named 'tensorflow'

2025-05-01 12:22:29,499 - dashboard - ERROR - Traceback (most recent call last):
  File "D:\.Ucheba\ВКР\Project E\Project-E\for_docker\visualization\dashboard.py", line 172, in log_system_info
    import tensorflow as tf
ModuleNotFoundError: No module named 'tensorflow'

2025-05-01 12:22:29,499 - dashboard - ERROR - Traceback (most recent call last):
  File "D:\.Ucheba\ВКР\Project E\Project-E\for_docker\visualization\dashboard.py", line 172, in log_system_info
    import tensorflow as tf
ModuleNotFoundError: No module named 'tensorflow'

2025-05-01 12:22:29,499 - dashboard - ERROR - Traceback (most recent call last):
  File "D:\.Ucheba\ВКР\Project E\Project-E\for_docker\visualization\dashboard.py", line 172, in log_system_info
    import tensorflow as tf
ModuleNotFoundError: No module named 'tensorflow'

2025-05-01 12:22:29,499 - dashboard - ERROR - Traceback (most recent call last):
  File "D:\.Ucheba\ВКР\Project E\Project-E\for_docker\visualization\dashboard.py", line 172, in log_system_info
    import tensorflow as tf
ModuleNotFoundError: No module named 'tensorflow'

2025-05-01 12:22:29,499 - dashboard - ERROR - Traceback (most recent call last):
  File "D:\.Ucheba\ВКР\Project E\Project-E\for_docker\visualization\dashboard.py", line 172, in log_system_info
    import tensorflow as tf
ModuleNotFoundError: No module named 'tensorflow'

2025-05-01 12:22:29,499 - dashboard - ERROR - Traceback (most recent call last):
  File "D:\.Ucheba\ВКР\Project E\Project-E\for_docker\visualization\dashboard.py", line 172, in log_system_info
    import tensorflow as tf
ModuleNotFoundError: No module named 'tensorflow'

2025-05-01 12:22:29,499 - dashboard - ERROR - Traceback (most recent call last):
  File "D:\.Ucheba\ВКР\Project E\Project-E\for_docker\visualization\dashboard.py", line 172, in log_system_info
    import tensorflow as tf
ModuleNotFoundError: No module named 'tensorflow'

2025-05-01 12:22:29,499 - dashboard - ERROR - Traceback (most recent call last):
  File "D:\.Ucheba\ВКР\Project E\Project-E\for_docker\visualization\dashboard.py", line 172, in log_system_info
    import tensorflow as tf
ModuleNotFoundError: No module named 'tensorflow'

2025-05-01 12:22:29,534 - dashboard - INFO - Запуск основной функции дашборда
2025-05-01 12:22:29,534 - dashboard - INFO - Запуск основной функции дашборда
2025-05-01 12:22:29,534 - dashboard - INFO - Запуск основной функции дашборда
2025-05-01 12:22:29,534 - dashboard - INFO - Запуск основной функции дашборда
2025-05-01 12:22:29,534 - dashboard - INFO - Запуск основной функции дашборда
2025-05-01 12:22:29,534 - dashboard - INFO - Запуск основной функции дашборда
2025-05-01 12:22:29,534 - dashboard - INFO - Запуск основной функции дашборда
2025-05-01 12:22:29,534 - dashboard - INFO - Запуск основной функции дашборда
2025-05-01 12:22:29,534 - dashboard - INFO - Запуск основной функции дашборда
2025-05-01 12:22:29,534 - dashboard - INFO - Запуск основной функции дашборда
2025-05-01 12:22:29,542 - dashboard - INFO - Загрузка историй моделей из директории: ..\model_save_preset
2025-05-01 12:22:29,542 - dashboard - INFO - Загрузка историй моделей из директории: ..\model_save_preset
2025-05-01 12:22:29,542 - dashboard - INFO - Загрузка историй моделей из директории: ..\model_save_preset
2025-05-01 12:22:29,542 - dashboard - INFO - Загрузка историй моделей из директории: ..\model_save_preset
2025-05-01 12:22:29,542 - dashboard - INFO - Загрузка историй моделей из директории: ..\model_save_preset
2025-05-01 12:22:29,542 - dashboard - INFO - Загрузка историй моделей из директории: ..\model_save_preset
2025-05-01 12:22:29,542 - dashboard - INFO - Загрузка историй моделей из директории: ..\model_save_preset
2025-05-01 12:22:29,542 - dashboard - INFO - Загрузка историй моделей из директории: ..\model_save_preset
2025-05-01 12:22:29,542 - dashboard - INFO - Загрузка историй моделей из директории: ..\model_save_preset
2025-05-01 12:22:29,542 - dashboard - INFO - Загрузка историй моделей из директории: ..\model_save_preset
2025-05-01 12:22:29,561 - dashboard - INFO - Загружено 23 моделей из 5 групп
2025-05-01 12:22:29,561 - dashboard - INFO - Загружено 23 моделей из 5 групп
2025-05-01 12:22:29,561 - dashboard - INFO - Загружено 23 моделей из 5 групп
2025-05-01 12:22:29,561 - dashboard - INFO - Загружено 23 моделей из 5 групп
2025-05-01 12:22:29,561 - dashboard - INFO - Загружено 23 моделей из 5 групп
2025-05-01 12:22:29,561 - dashboard - INFO - Загружено 23 моделей из 5 групп
2025-05-01 12:22:29,561 - dashboard - INFO - Загружено 23 моделей из 5 групп
2025-05-01 12:22:29,561 - dashboard - INFO - Загружено 23 моделей из 5 групп
2025-05-01 12:22:29,561 - dashboard - INFO - Загружено 23 моделей из 5 групп
2025-05-01 12:22:29,561 - dashboard - INFO - Загружено 23 моделей из 5 групп
2025-05-01 12:22:29,563 - dashboard - INFO - Переход на страницу: Обзор моделей
2025-05-01 12:22:29,563 - dashboard - INFO - Переход на страницу: Обзор моделей
2025-05-01 12:22:29,563 - dashboard - INFO - Переход на страницу: Обзор моделей
2025-05-01 12:22:29,563 - dashboard - INFO - Переход на страницу: Обзор моделей
2025-05-01 12:22:29,563 - dashboard - INFO - Переход на страницу: Обзор моделей
2025-05-01 12:22:29,563 - dashboard - INFO - Переход на страницу: Обзор моделей
2025-05-01 12:22:29,563 - dashboard - INFO - Переход на страницу: Обзор моделей
2025-05-01 12:22:29,563 - dashboard - INFO - Переход на страницу: Обзор моделей
2025-05-01 12:22:29,563 - dashboard - INFO - Переход на страницу: Обзор моделей
2025-05-01 12:22:29,563 - dashboard - INFO - Переход на страницу: Обзор моделей
2025-05-01 12:22:29,571 - dashboard - INFO - Создание таблицы сравнения метрик
2025-05-01 12:22:29,571 - dashboard - INFO - Создание таблицы сравнения метрик
2025-05-01 12:22:29,571 - dashboard - INFO - Создание таблицы сравнения метрик
2025-05-01 12:22:29,571 - dashboard - INFO - Создание таблицы сравнения метрик
2025-05-01 12:22:29,571 - dashboard - INFO - Создание таблицы сравнения метрик
2025-05-01 12:22:29,571 - dashboard - INFO - Создание таблицы сравнения метрик
2025-05-01 12:22:29,571 - dashboard - INFO - Создание таблицы сравнения метрик
2025-05-01 12:22:29,571 - dashboard - INFO - Создание таблицы сравнения метрик
2025-05-01 12:22:29,571 - dashboard - INFO - Создание таблицы сравнения метрик
2025-05-01 12:22:29,571 - dashboard - INFO - Создание таблицы сравнения метрик
2025-05-01 12:22:29,573 - dashboard - INFO - Создана таблица сравнения с 23 моделями
2025-05-01 12:22:29,573 - dashboard - INFO - Создана таблица сравнения с 23 моделями
2025-05-01 12:22:29,573 - dashboard - INFO - Создана таблица сравнения с 23 моделями
2025-05-01 12:22:29,573 - dashboard - INFO - Создана таблица сравнения с 23 моделями
2025-05-01 12:22:29,573 - dashboard - INFO - Создана таблица сравнения с 23 моделями
2025-05-01 12:22:29,573 - dashboard - INFO - Создана таблица сравнения с 23 моделями
2025-05-01 12:22:29,573 - dashboard - INFO - Создана таблица сравнения с 23 моделями
2025-05-01 12:22:29,573 - dashboard - INFO - Создана таблица сравнения с 23 моделями
2025-05-01 12:22:29,573 - dashboard - INFO - Создана таблица сравнения с 23 моделями
2025-05-01 12:22:29,573 - dashboard - INFO - Создана таблица сравнения с 23 моделями
2025-05-01 12:23:23,222 - dashboard - INFO - Дашборд запущен
2025-05-01 12:23:23,222 - dashboard - INFO - Дашборд запущен
2025-05-01 12:23:23,222 - dashboard - INFO - Дашборд запущен
2025-05-01 12:23:23,222 - dashboard - INFO - Дашборд запущен
2025-05-01 12:23:23,222 - dashboard - INFO - Дашборд запущен
2025-05-01 12:23:23,222 - dashboard - INFO - Дашборд запущен
2025-05-01 12:23:23,222 - dashboard - INFO - Дашборд запущен
2025-05-01 12:23:23,222 - dashboard - INFO - Дашборд запущен
2025-05-01 12:23:23,222 - dashboard - INFO - Дашборд запущен
2025-05-01 12:23:23,222 - dashboard - INFO - Дашборд запущен
2025-05-01 12:23:23,222 - dashboard - INFO - Дашборд запущен
2025-05-01 12:23:23,226 - dashboard - ERROR - Ошибка при сборе системной информации: No module named 'tensorflow'
2025-05-01 12:23:23,226 - dashboard - ERROR - Ошибка при сборе системной информации: No module named 'tensorflow'
2025-05-01 12:23:23,226 - dashboard - ERROR - Ошибка при сборе системной информации: No module named 'tensorflow'
2025-05-01 12:23:23,226 - dashboard - ERROR - Ошибка при сборе системной информации: No module named 'tensorflow'
2025-05-01 12:23:23,226 - dashboard - ERROR - Ошибка при сборе системной информации: No module named 'tensorflow'
2025-05-01 12:23:23,226 - dashboard - ERROR - Ошибка при сборе системной информации: No module named 'tensorflow'
2025-05-01 12:23:23,226 - dashboard - ERROR - Ошибка при сборе системной информации: No module named 'tensorflow'
2025-05-01 12:23:23,226 - dashboard - ERROR - Ошибка при сборе системной информации: No module named 'tensorflow'
2025-05-01 12:23:23,226 - dashboard - ERROR - Ошибка при сборе системной информации: No module named 'tensorflow'
2025-05-01 12:23:23,226 - dashboard - ERROR - Ошибка при сборе системной информации: No module named 'tensorflow'
2025-05-01 12:23:23,226 - dashboard - ERROR - Ошибка при сборе системной информации: No module named 'tensorflow'
2025-05-01 12:23:23,227 - dashboard - ERROR - Traceback (most recent call last):
  File "D:\.Ucheba\ВКР\Project E\Project-E\for_docker\visualization\dashboard.py", line 172, in log_system_info
    import tensorflow as tf
ModuleNotFoundError: No module named 'tensorflow'

2025-05-01 12:23:23,227 - dashboard - ERROR - Traceback (most recent call last):
  File "D:\.Ucheba\ВКР\Project E\Project-E\for_docker\visualization\dashboard.py", line 172, in log_system_info
    import tensorflow as tf
ModuleNotFoundError: No module named 'tensorflow'

2025-05-01 12:23:23,227 - dashboard - ERROR - Traceback (most recent call last):
  File "D:\.Ucheba\ВКР\Project E\Project-E\for_docker\visualization\dashboard.py", line 172, in log_system_info
    import tensorflow as tf
ModuleNotFoundError: No module named 'tensorflow'

2025-05-01 12:23:23,227 - dashboard - ERROR - Traceback (most recent call last):
  File "D:\.Ucheba\ВКР\Project E\Project-E\for_docker\visualization\dashboard.py", line 172, in log_system_info
    import tensorflow as tf
ModuleNotFoundError: No module named 'tensorflow'

2025-05-01 12:23:23,227 - dashboard - ERROR - Traceback (most recent call last):
  File "D:\.Ucheba\ВКР\Project E\Project-E\for_docker\visualization\dashboard.py", line 172, in log_system_info
    import tensorflow as tf
ModuleNotFoundError: No module named 'tensorflow'

2025-05-01 12:23:23,227 - dashboard - ERROR - Traceback (most recent call last):
  File "D:\.Ucheba\ВКР\Project E\Project-E\for_docker\visualization\dashboard.py", line 172, in log_system_info
    import tensorflow as tf
ModuleNotFoundError: No module named 'tensorflow'

2025-05-01 12:23:23,227 - dashboard - ERROR - Traceback (most recent call last):
  File "D:\.Ucheba\ВКР\Project E\Project-E\for_docker\visualization\dashboard.py", line 172, in log_system_info
    import tensorflow as tf
ModuleNotFoundError: No module named 'tensorflow'

2025-05-01 12:23:23,227 - dashboard - ERROR - Traceback (most recent call last):
  File "D:\.Ucheba\ВКР\Project E\Project-E\for_docker\visualization\dashboard.py", line 172, in log_system_info
    import tensorflow as tf
ModuleNotFoundError: No module named 'tensorflow'

2025-05-01 12:23:23,227 - dashboard - ERROR - Traceback (most recent call last):
  File "D:\.Ucheba\ВКР\Project E\Project-E\for_docker\visualization\dashboard.py", line 172, in log_system_info
    import tensorflow as tf
ModuleNotFoundError: No module named 'tensorflow'

2025-05-01 12:23:23,227 - dashboard - ERROR - Traceback (most recent call last):
  File "D:\.Ucheba\ВКР\Project E\Project-E\for_docker\visualization\dashboard.py", line 172, in log_system_info
    import tensorflow as tf
ModuleNotFoundError: No module named 'tensorflow'

2025-05-01 12:23:23,227 - dashboard - ERROR - Traceback (most recent call last):
  File "D:\.Ucheba\ВКР\Project E\Project-E\for_docker\visualization\dashboard.py", line 172, in log_system_info
    import tensorflow as tf
ModuleNotFoundError: No module named 'tensorflow'

2025-05-01 12:23:23,227 - dashboard - INFO - Запуск основной функции дашборда
2025-05-01 12:23:23,227 - dashboard - INFO - Запуск основной функции дашборда
2025-05-01 12:23:23,227 - dashboard - INFO - Запуск основной функции дашборда
2025-05-01 12:23:23,227 - dashboard - INFO - Запуск основной функции дашборда
2025-05-01 12:23:23,227 - dashboard - INFO - Запуск основной функции дашборда
2025-05-01 12:23:23,227 - dashboard - INFO - Запуск основной функции дашборда
2025-05-01 12:23:23,227 - dashboard - INFO - Запуск основной функции дашборда
2025-05-01 12:23:23,227 - dashboard - INFO - Запуск основной функции дашборда
2025-05-01 12:23:23,227 - dashboard - INFO - Запуск основной функции дашборда
2025-05-01 12:23:23,227 - dashboard - INFO - Запуск основной функции дашборда
2025-05-01 12:23:23,227 - dashboard - INFO - Запуск основной функции дашборда
2025-05-01 12:23:23,230 - dashboard - INFO - Загрузка историй моделей из директории: ..\model_save_preset
2025-05-01 12:23:23,230 - dashboard - INFO - Загрузка историй моделей из директории: ..\model_save_preset
2025-05-01 12:23:23,230 - dashboard - INFO - Загрузка историй моделей из директории: ..\model_save_preset
2025-05-01 12:23:23,230 - dashboard - INFO - Загрузка историй моделей из директории: ..\model_save_preset
2025-05-01 12:23:23,230 - dashboard - INFO - Загрузка историй моделей из директории: ..\model_save_preset
2025-05-01 12:23:23,230 - dashboard - INFO - Загрузка историй моделей из директории: ..\model_save_preset
2025-05-01 12:23:23,230 - dashboard - INFO - Загрузка историй моделей из директории: ..\model_save_preset
2025-05-01 12:23:23,230 - dashboard - INFO - Загрузка историй моделей из директории: ..\model_save_preset
2025-05-01 12:23:23,230 - dashboard - INFO - Загрузка историй моделей из директории: ..\model_save_preset
2025-05-01 12:23:23,230 - dashboard - INFO - Загрузка историй моделей из директории: ..\model_save_preset
2025-05-01 12:23:23,230 - dashboard - INFO - Загрузка историй моделей из директории: ..\model_save_preset
2025-05-01 12:23:23,250 - dashboard - INFO - Загружено 23 моделей из 5 групп
2025-05-01 12:23:23,250 - dashboard - INFO - Загружено 23 моделей из 5 групп
2025-05-01 12:23:23,250 - dashboard - INFO - Загружено 23 моделей из 5 групп
2025-05-01 12:23:23,250 - dashboard - INFO - Загружено 23 моделей из 5 групп
2025-05-01 12:23:23,250 - dashboard - INFO - Загружено 23 моделей из 5 групп
2025-05-01 12:23:23,250 - dashboard - INFO - Загружено 23 моделей из 5 групп
2025-05-01 12:23:23,250 - dashboard - INFO - Загружено 23 моделей из 5 групп
2025-05-01 12:23:23,250 - dashboard - INFO - Загружено 23 моделей из 5 групп
2025-05-01 12:23:23,250 - dashboard - INFO - Загружено 23 моделей из 5 групп
2025-05-01 12:23:23,250 - dashboard - INFO - Загружено 23 моделей из 5 групп
2025-05-01 12:23:23,250 - dashboard - INFO - Загружено 23 моделей из 5 групп
2025-05-01 12:23:23,252 - dashboard - INFO - Переход на страницу: Обзор моделей
2025-05-01 12:23:23,252 - dashboard - INFO - Переход на страницу: Обзор моделей
2025-05-01 12:23:23,252 - dashboard - INFO - Переход на страницу: Обзор моделей
2025-05-01 12:23:23,252 - dashboard - INFO - Переход на страницу: Обзор моделей
2025-05-01 12:23:23,252 - dashboard - INFO - Переход на страницу: Обзор моделей
2025-05-01 12:23:23,252 - dashboard - INFO - Переход на страницу: Обзор моделей
2025-05-01 12:23:23,252 - dashboard - INFO - Переход на страницу: Обзор моделей
2025-05-01 12:23:23,252 - dashboard - INFO - Переход на страницу: Обзор моделей
2025-05-01 12:23:23,252 - dashboard - INFO - Переход на страницу: Обзор моделей
2025-05-01 12:23:23,252 - dashboard - INFO - Переход на страницу: Обзор моделей
2025-05-01 12:23:23,252 - dashboard - INFO - Переход на страницу: Обзор моделей
2025-05-01 12:23:23,258 - dashboard - INFO - Создание таблицы сравнения метрик
2025-05-01 12:23:23,258 - dashboard - INFO - Создание таблицы сравнения метрик
2025-05-01 12:23:23,258 - dashboard - INFO - Создание таблицы сравнения метрик
2025-05-01 12:23:23,258 - dashboard - INFO - Создание таблицы сравнения метрик
2025-05-01 12:23:23,258 - dashboard - INFO - Создание таблицы сравнения метрик
2025-05-01 12:23:23,258 - dashboard - INFO - Создание таблицы сравнения метрик
2025-05-01 12:23:23,258 - dashboard - INFO - Создание таблицы сравнения метрик
2025-05-01 12:23:23,258 - dashboard - INFO - Создание таблицы сравнения метрик
2025-05-01 12:23:23,258 - dashboard - INFO - Создание таблицы сравнения метрик
2025-05-01 12:23:23,258 - dashboard - INFO - Создание таблицы сравнения метрик
2025-05-01 12:23:23,258 - dashboard - INFO - Создание таблицы сравнения метрик
2025-05-01 12:23:23,260 - dashboard - INFO - Создана таблица сравнения с 23 моделями
2025-05-01 12:23:23,260 - dashboard - INFO - Создана таблица сравнения с 23 моделями
2025-05-01 12:23:23,260 - dashboard - INFO - Создана таблица сравнения с 23 моделями
2025-05-01 12:23:23,260 - dashboard - INFO - Создана таблица сравнения с 23 моделями
2025-05-01 12:23:23,260 - dashboard - INFO - Создана таблица сравнения с 23 моделями
2025-05-01 12:23:23,260 - dashboard - INFO - Создана таблица сравнения с 23 моделями
2025-05-01 12:23:23,260 - dashboard - INFO - Создана таблица сравнения с 23 моделями
2025-05-01 12:23:23,260 - dashboard - INFO - Создана таблица сравнения с 23 моделями
2025-05-01 12:23:23,260 - dashboard - INFO - Создана таблица сравнения с 23 моделями
2025-05-01 12:23:23,260 - dashboard - INFO - Создана таблица сравнения с 23 моделями
2025-05-01 12:23:23,260 - dashboard - INFO - Создана таблица сравнения с 23 моделями
2025-05-01 14:06:38,179 - dashboard - INFO - Дашборд запущен
2025-05-01 14:06:38,220 - dashboard - INFO - Дашборд запущен
2025-05-01 14:06:38,220 - dashboard - INFO - Дашборд запущен
2025-05-01 14:06:38,253 - dashboard - ERROR - Ошибка при сборе системной информации: No module named 'tensorflow'
2025-05-01 14:06:38,253 - dashboard - ERROR - Ошибка при сборе системной информации: No module named 'tensorflow'
2025-05-01 14:06:38,255 - dashboard - ERROR - Traceback (most recent call last):
  File "D:\.Ucheba\ВКР\Project E\Project-E\for_docker\visualization\dashboard.py", line 172, in log_system_info
    import tensorflow as tf
ModuleNotFoundError: No module named 'tensorflow'

2025-05-01 14:06:38,255 - dashboard - ERROR - Traceback (most recent call last):
  File "D:\.Ucheba\ВКР\Project E\Project-E\for_docker\visualization\dashboard.py", line 172, in log_system_info
    import tensorflow as tf
ModuleNotFoundError: No module named 'tensorflow'

2025-05-01 14:06:38,255 - dashboard - INFO - Запуск основной функции дашборда
2025-05-01 14:06:38,255 - dashboard - INFO - Запуск основной функции дашборда
2025-05-01 14:06:39,436 - dashboard - INFO - Загрузка историй моделей из директории: ..\model_save_preset
2025-05-01 14:06:39,436 - dashboard - INFO - Загрузка историй моделей из директории: ..\model_save_preset
2025-05-01 14:06:39,453 - dashboard - INFO - Загружено 19 моделей из 5 групп
2025-05-01 14:06:39,453 - dashboard - INFO - Загружено 19 моделей из 5 групп
2025-05-01 14:06:39,454 - dashboard - INFO - Переход на страницу: Обзор моделей
2025-05-01 14:06:39,454 - dashboard - INFO - Переход на страницу: Обзор моделей
2025-05-01 14:06:39,464 - dashboard - INFO - Создание таблицы сравнения метрик
2025-05-01 14:06:39,464 - dashboard - INFO - Создание таблицы сравнения метрик
2025-05-01 14:06:39,465 - dashboard - INFO - Создана таблица сравнения с 19 моделями
2025-05-01 14:06:39,465 - dashboard - INFO - Создана таблица сравнения с 19 моделями
2025-05-01 14:06:47,236 - dashboard - INFO - Дашборд запущен
2025-05-01 14:06:47,236 - dashboard - INFO - Дашборд запущен
2025-05-01 14:06:47,236 - dashboard - INFO - Дашборд запущен
2025-05-01 14:06:47,239 - dashboard - ERROR - Ошибка при сборе системной информации: No module named 'tensorflow'
2025-05-01 14:06:47,239 - dashboard - ERROR - Ошибка при сборе системной информации: No module named 'tensorflow'
2025-05-01 14:06:47,239 - dashboard - ERROR - Ошибка при сборе системной информации: No module named 'tensorflow'
2025-05-01 14:06:47,241 - dashboard - ERROR - Traceback (most recent call last):
  File "D:\.Ucheba\ВКР\Project E\Project-E\for_docker\visualization\dashboard.py", line 172, in log_system_info
    import tensorflow as tf
ModuleNotFoundError: No module named 'tensorflow'

2025-05-01 14:06:47,241 - dashboard - ERROR - Traceback (most recent call last):
  File "D:\.Ucheba\ВКР\Project E\Project-E\for_docker\visualization\dashboard.py", line 172, in log_system_info
    import tensorflow as tf
ModuleNotFoundError: No module named 'tensorflow'

2025-05-01 14:06:47,241 - dashboard - ERROR - Traceback (most recent call last):
  File "D:\.Ucheba\ВКР\Project E\Project-E\for_docker\visualization\dashboard.py", line 172, in log_system_info
    import tensorflow as tf
ModuleNotFoundError: No module named 'tensorflow'

2025-05-01 14:06:47,241 - dashboard - INFO - Запуск основной функции дашборда
2025-05-01 14:06:47,241 - dashboard - INFO - Запуск основной функции дашборда
2025-05-01 14:06:47,241 - dashboard - INFO - Запуск основной функции дашборда
2025-05-01 14:06:47,248 - dashboard - INFO - Загрузка историй моделей из директории: ..\model_save_preset
2025-05-01 14:06:47,248 - dashboard - INFO - Загрузка историй моделей из директории: ..\model_save_preset
2025-05-01 14:06:47,248 - dashboard - INFO - Загрузка историй моделей из директории: ..\model_save_preset
2025-05-01 14:06:47,267 - dashboard - INFO - Загружено 19 моделей из 5 групп
2025-05-01 14:06:47,267 - dashboard - INFO - Загружено 19 моделей из 5 групп
2025-05-01 14:06:47,267 - dashboard - INFO - Загружено 19 моделей из 5 групп
2025-05-01 14:06:47,269 - dashboard - INFO - Переход на страницу: Сравнение моделей
2025-05-01 14:06:47,269 - dashboard - INFO - Переход на страницу: Сравнение моделей
2025-05-01 14:06:47,269 - dashboard - INFO - Переход на страницу: Сравнение моделей
2025-05-01 14:06:47,280 - dashboard - INFO - Создание таблицы сравнения метрик
2025-05-01 14:06:47,280 - dashboard - INFO - Создание таблицы сравнения метрик
2025-05-01 14:06:47,280 - dashboard - INFO - Создание таблицы сравнения метрик
2025-05-01 14:06:47,281 - dashboard - INFO - Создана таблица сравнения с 19 моделями
2025-05-01 14:06:47,281 - dashboard - INFO - Создана таблица сравнения с 19 моделями
2025-05-01 14:06:47,281 - dashboard - INFO - Создана таблица сравнения с 19 моделями
2025-05-01 14:07:11,297 - dashboard - INFO - Дашборд запущен
2025-05-01 14:07:11,297 - dashboard - INFO - Дашборд запущен
2025-05-01 14:07:11,297 - dashboard - INFO - Дашборд запущен
2025-05-01 14:07:11,297 - dashboard - INFO - Дашборд запущен
2025-05-01 14:07:11,303 - dashboard - ERROR - Ошибка при сборе системной информации: No module named 'tensorflow'
2025-05-01 14:07:11,303 - dashboard - ERROR - Ошибка при сборе системной информации: No module named 'tensorflow'
2025-05-01 14:07:11,303 - dashboard - ERROR - Ошибка при сборе системной информации: No module named 'tensorflow'
2025-05-01 14:07:11,303 - dashboard - ERROR - Ошибка при сборе системной информации: No module named 'tensorflow'
2025-05-01 14:07:11,304 - dashboard - ERROR - Traceback (most recent call last):
  File "D:\.Ucheba\ВКР\Project E\Project-E\for_docker\visualization\dashboard.py", line 172, in log_system_info
    import tensorflow as tf
ModuleNotFoundError: No module named 'tensorflow'

2025-05-01 14:07:11,304 - dashboard - ERROR - Traceback (most recent call last):
  File "D:\.Ucheba\ВКР\Project E\Project-E\for_docker\visualization\dashboard.py", line 172, in log_system_info
    import tensorflow as tf
ModuleNotFoundError: No module named 'tensorflow'

2025-05-01 14:07:11,304 - dashboard - ERROR - Traceback (most recent call last):
  File "D:\.Ucheba\ВКР\Project E\Project-E\for_docker\visualization\dashboard.py", line 172, in log_system_info
    import tensorflow as tf
ModuleNotFoundError: No module named 'tensorflow'

2025-05-01 14:07:11,304 - dashboard - ERROR - Traceback (most recent call last):
  File "D:\.Ucheba\ВКР\Project E\Project-E\for_docker\visualization\dashboard.py", line 172, in log_system_info
    import tensorflow as tf
ModuleNotFoundError: No module named 'tensorflow'

2025-05-01 14:07:11,305 - dashboard - INFO - Запуск основной функции дашборда
2025-05-01 14:07:11,305 - dashboard - INFO - Запуск основной функции дашборда
2025-05-01 14:07:11,305 - dashboard - INFO - Запуск основной функции дашборда
2025-05-01 14:07:11,305 - dashboard - INFO - Запуск основной функции дашборда
2025-05-01 14:07:11,308 - dashboard - INFO - Загрузка историй моделей из директории: ..\model_save_preset
2025-05-01 14:07:11,308 - dashboard - INFO - Загрузка историй моделей из директории: ..\model_save_preset
2025-05-01 14:07:11,308 - dashboard - INFO - Загрузка историй моделей из директории: ..\model_save_preset
2025-05-01 14:07:11,308 - dashboard - INFO - Загрузка историй моделей из директории: ..\model_save_preset
2025-05-01 14:07:11,326 - dashboard - INFO - Загружено 19 моделей из 5 групп
2025-05-01 14:07:11,326 - dashboard - INFO - Загружено 19 моделей из 5 групп
2025-05-01 14:07:11,326 - dashboard - INFO - Загружено 19 моделей из 5 групп
2025-05-01 14:07:11,326 - dashboard - INFO - Загружено 19 моделей из 5 групп
2025-05-01 14:07:11,329 - dashboard - INFO - Переход на страницу: Обзор моделей
2025-05-01 14:07:11,329 - dashboard - INFO - Переход на страницу: Обзор моделей
2025-05-01 14:07:11,329 - dashboard - INFO - Переход на страницу: Обзор моделей
2025-05-01 14:07:11,329 - dashboard - INFO - Переход на страницу: Обзор моделей
2025-05-01 14:07:11,336 - dashboard - INFO - Создание таблицы сравнения метрик
2025-05-01 14:07:11,336 - dashboard - INFO - Создание таблицы сравнения метрик
2025-05-01 14:07:11,336 - dashboard - INFO - Создание таблицы сравнения метрик
2025-05-01 14:07:11,336 - dashboard - INFO - Создание таблицы сравнения метрик
2025-05-01 14:07:11,337 - dashboard - INFO - Создана таблица сравнения с 19 моделями
2025-05-01 14:07:11,337 - dashboard - INFO - Создана таблица сравнения с 19 моделями
2025-05-01 14:07:11,337 - dashboard - INFO - Создана таблица сравнения с 19 моделями
2025-05-01 14:07:11,337 - dashboard - INFO - Создана таблица сравнения с 19 моделями
2025-05-01 14:07:32,311 - dashboard - INFO - Дашборд запущен
2025-05-01 14:07:32,311 - dashboard - INFO - Дашборд запущен
2025-05-01 14:07:32,311 - dashboard - INFO - Дашборд запущен
2025-05-01 14:07:32,311 - dashboard - INFO - Дашборд запущен
2025-05-01 14:07:32,311 - dashboard - INFO - Дашборд запущен
2025-05-01 14:07:32,317 - dashboard - ERROR - Ошибка при сборе системной информации: No module named 'tensorflow'
2025-05-01 14:07:32,317 - dashboard - ERROR - Ошибка при сборе системной информации: No module named 'tensorflow'
2025-05-01 14:07:32,317 - dashboard - ERROR - Ошибка при сборе системной информации: No module named 'tensorflow'
2025-05-01 14:07:32,317 - dashboard - ERROR - Ошибка при сборе системной информации: No module named 'tensorflow'
2025-05-01 14:07:32,317 - dashboard - ERROR - Ошибка при сборе системной информации: No module named 'tensorflow'
2025-05-01 14:07:32,317 - dashboard - ERROR - Traceback (most recent call last):
  File "D:\.Ucheba\ВКР\Project E\Project-E\for_docker\visualization\dashboard.py", line 172, in log_system_info
    import tensorflow as tf
ModuleNotFoundError: No module named 'tensorflow'

2025-05-01 14:07:32,317 - dashboard - ERROR - Traceback (most recent call last):
  File "D:\.Ucheba\ВКР\Project E\Project-E\for_docker\visualization\dashboard.py", line 172, in log_system_info
    import tensorflow as tf
ModuleNotFoundError: No module named 'tensorflow'

2025-05-01 14:07:32,317 - dashboard - ERROR - Traceback (most recent call last):
  File "D:\.Ucheba\ВКР\Project E\Project-E\for_docker\visualization\dashboard.py", line 172, in log_system_info
    import tensorflow as tf
ModuleNotFoundError: No module named 'tensorflow'

2025-05-01 14:07:32,317 - dashboard - ERROR - Traceback (most recent call last):
  File "D:\.Ucheba\ВКР\Project E\Project-E\for_docker\visualization\dashboard.py", line 172, in log_system_info
    import tensorflow as tf
ModuleNotFoundError: No module named 'tensorflow'

2025-05-01 14:07:32,317 - dashboard - ERROR - Traceback (most recent call last):
  File "D:\.Ucheba\ВКР\Project E\Project-E\for_docker\visualization\dashboard.py", line 172, in log_system_info
    import tensorflow as tf
ModuleNotFoundError: No module named 'tensorflow'

2025-05-01 14:07:32,318 - dashboard - INFO - Запуск основной функции дашборда
2025-05-01 14:07:32,318 - dashboard - INFO - Запуск основной функции дашборда
2025-05-01 14:07:32,318 - dashboard - INFO - Запуск основной функции дашборда
2025-05-01 14:07:32,318 - dashboard - INFO - Запуск основной функции дашборда
2025-05-01 14:07:32,318 - dashboard - INFO - Запуск основной функции дашборда
2025-05-01 14:07:32,320 - dashboard - INFO - Загрузка историй моделей из директории: ..\model_save_preset
2025-05-01 14:07:32,320 - dashboard - INFO - Загрузка историй моделей из директории: ..\model_save_preset
2025-05-01 14:07:32,320 - dashboard - INFO - Загрузка историй моделей из директории: ..\model_save_preset
2025-05-01 14:07:32,320 - dashboard - INFO - Загрузка историй моделей из директории: ..\model_save_preset
2025-05-01 14:07:32,320 - dashboard - INFO - Загрузка историй моделей из директории: ..\model_save_preset
2025-05-01 14:07:32,344 - dashboard - INFO - Загружено 19 моделей из 5 групп
2025-05-01 14:07:32,344 - dashboard - INFO - Загружено 19 моделей из 5 групп
2025-05-01 14:07:32,344 - dashboard - INFO - Загружено 19 моделей из 5 групп
2025-05-01 14:07:32,344 - dashboard - INFO - Загружено 19 моделей из 5 групп
2025-05-01 14:07:32,344 - dashboard - INFO - Загружено 19 моделей из 5 групп
2025-05-01 14:07:32,346 - dashboard - INFO - Переход на страницу: Обзор моделей
2025-05-01 14:07:32,346 - dashboard - INFO - Переход на страницу: Обзор моделей
2025-05-01 14:07:32,346 - dashboard - INFO - Переход на страницу: Обзор моделей
2025-05-01 14:07:32,346 - dashboard - INFO - Переход на страницу: Обзор моделей
2025-05-01 14:07:32,346 - dashboard - INFO - Переход на страницу: Обзор моделей
2025-05-01 14:07:32,351 - dashboard - INFO - Создание таблицы сравнения метрик
2025-05-01 14:07:32,351 - dashboard - INFO - Создание таблицы сравнения метрик
2025-05-01 14:07:32,351 - dashboard - INFO - Создание таблицы сравнения метрик
2025-05-01 14:07:32,351 - dashboard - INFO - Создание таблицы сравнения метрик
2025-05-01 14:07:32,351 - dashboard - INFO - Создание таблицы сравнения метрик
2025-05-01 14:07:32,353 - dashboard - INFO - Создана таблица сравнения с 19 моделями
2025-05-01 14:07:32,353 - dashboard - INFO - Создана таблица сравнения с 19 моделями
2025-05-01 14:07:32,353 - dashboard - INFO - Создана таблица сравнения с 19 моделями
2025-05-01 14:07:32,353 - dashboard - INFO - Создана таблица сравнения с 19 моделями
2025-05-01 14:07:32,353 - dashboard - INFO - Создана таблица сравнения с 19 моделями
2025-05-01 14:09:14,921 - dashboard - INFO - Дашборд запущен
2025-05-01 14:09:14,921 - dashboard - INFO - Дашборд запущен
2025-05-01 14:09:14,921 - dashboard - INFO - Дашборд запущен
2025-05-01 14:09:14,921 - dashboard - INFO - Дашборд запущен
2025-05-01 14:09:14,921 - dashboard - INFO - Дашборд запущен
2025-05-01 14:09:14,921 - dashboard - INFO - Дашборд запущен
2025-05-01 14:09:14,931 - dashboard - ERROR - Ошибка при сборе системной информации: No module named 'tensorflow'
2025-05-01 14:09:14,931 - dashboard - ERROR - Ошибка при сборе системной информации: No module named 'tensorflow'
2025-05-01 14:09:14,931 - dashboard - ERROR - Ошибка при сборе системной информации: No module named 'tensorflow'
2025-05-01 14:09:14,931 - dashboard - ERROR - Ошибка при сборе системной информации: No module named 'tensorflow'
2025-05-01 14:09:14,931 - dashboard - ERROR - Ошибка при сборе системной информации: No module named 'tensorflow'
2025-05-01 14:09:14,931 - dashboard - ERROR - Ошибка при сборе системной информации: No module named 'tensorflow'
2025-05-01 14:09:14,934 - dashboard - ERROR - Traceback (most recent call last):
  File "D:\.Ucheba\ВКР\Project E\Project-E\for_docker\visualization\dashboard.py", line 172, in log_system_info
    import tensorflow as tf
ModuleNotFoundError: No module named 'tensorflow'

2025-05-01 14:09:14,934 - dashboard - ERROR - Traceback (most recent call last):
  File "D:\.Ucheba\ВКР\Project E\Project-E\for_docker\visualization\dashboard.py", line 172, in log_system_info
    import tensorflow as tf
ModuleNotFoundError: No module named 'tensorflow'

2025-05-01 14:09:14,934 - dashboard - ERROR - Traceback (most recent call last):
  File "D:\.Ucheba\ВКР\Project E\Project-E\for_docker\visualization\dashboard.py", line 172, in log_system_info
    import tensorflow as tf
ModuleNotFoundError: No module named 'tensorflow'

2025-05-01 14:09:14,934 - dashboard - ERROR - Traceback (most recent call last):
  File "D:\.Ucheba\ВКР\Project E\Project-E\for_docker\visualization\dashboard.py", line 172, in log_system_info
    import tensorflow as tf
ModuleNotFoundError: No module named 'tensorflow'

2025-05-01 14:09:14,934 - dashboard - ERROR - Traceback (most recent call last):
  File "D:\.Ucheba\ВКР\Project E\Project-E\for_docker\visualization\dashboard.py", line 172, in log_system_info
    import tensorflow as tf
ModuleNotFoundError: No module named 'tensorflow'

2025-05-01 14:09:14,934 - dashboard - ERROR - Traceback (most recent call last):
  File "D:\.Ucheba\ВКР\Project E\Project-E\for_docker\visualization\dashboard.py", line 172, in log_system_info
    import tensorflow as tf
ModuleNotFoundError: No module named 'tensorflow'

2025-05-01 14:09:14,934 - dashboard - INFO - Запуск основной функции дашборда
2025-05-01 14:09:14,934 - dashboard - INFO - Запуск основной функции дашборда
2025-05-01 14:09:14,934 - dashboard - INFO - Запуск основной функции дашборда
2025-05-01 14:09:14,934 - dashboard - INFO - Запуск основной функции дашборда
2025-05-01 14:09:14,934 - dashboard - INFO - Запуск основной функции дашборда
2025-05-01 14:09:14,934 - dashboard - INFO - Запуск основной функции дашборда
2025-05-01 14:09:14,937 - dashboard - INFO - Загрузка историй моделей из директории: ..\model_save_preset
2025-05-01 14:09:14,937 - dashboard - INFO - Загрузка историй моделей из директории: ..\model_save_preset
2025-05-01 14:09:14,937 - dashboard - INFO - Загрузка историй моделей из директории: ..\model_save_preset
2025-05-01 14:09:14,937 - dashboard - INFO - Загрузка историй моделей из директории: ..\model_save_preset
2025-05-01 14:09:14,937 - dashboard - INFO - Загрузка историй моделей из директории: ..\model_save_preset
2025-05-01 14:09:14,937 - dashboard - INFO - Загрузка историй моделей из директории: ..\model_save_preset
2025-05-01 14:09:14,977 - dashboard - INFO - Загружено 19 моделей из 5 групп
2025-05-01 14:09:14,977 - dashboard - INFO - Загружено 19 моделей из 5 групп
2025-05-01 14:09:14,977 - dashboard - INFO - Загружено 19 моделей из 5 групп
2025-05-01 14:09:14,977 - dashboard - INFO - Загружено 19 моделей из 5 групп
2025-05-01 14:09:14,977 - dashboard - INFO - Загружено 19 моделей из 5 групп
2025-05-01 14:09:14,977 - dashboard - INFO - Загружено 19 моделей из 5 групп
2025-05-01 14:09:14,982 - dashboard - INFO - Переход на страницу: Обзор моделей
2025-05-01 14:09:14,982 - dashboard - INFO - Переход на страницу: Обзор моделей
2025-05-01 14:09:14,982 - dashboard - INFO - Переход на страницу: Обзор моделей
2025-05-01 14:09:14,982 - dashboard - INFO - Переход на страницу: Обзор моделей
2025-05-01 14:09:14,982 - dashboard - INFO - Переход на страницу: Обзор моделей
2025-05-01 14:09:14,982 - dashboard - INFO - Переход на страницу: Обзор моделей
2025-05-01 14:09:14,992 - dashboard - INFO - Создание таблицы сравнения метрик
2025-05-01 14:09:14,992 - dashboard - INFO - Создание таблицы сравнения метрик
2025-05-01 14:09:14,992 - dashboard - INFO - Создание таблицы сравнения метрик
2025-05-01 14:09:14,992 - dashboard - INFO - Создание таблицы сравнения метрик
2025-05-01 14:09:14,992 - dashboard - INFO - Создание таблицы сравнения метрик
2025-05-01 14:09:14,992 - dashboard - INFO - Создание таблицы сравнения метрик
2025-05-01 14:09:14,995 - dashboard - INFO - Создана таблица сравнения с 19 моделями
2025-05-01 14:09:14,995 - dashboard - INFO - Создана таблица сравнения с 19 моделями
2025-05-01 14:09:14,995 - dashboard - INFO - Создана таблица сравнения с 19 моделями
2025-05-01 14:09:14,995 - dashboard - INFO - Создана таблица сравнения с 19 моделями
2025-05-01 14:09:14,995 - dashboard - INFO - Создана таблица сравнения с 19 моделями
2025-05-01 14:09:14,995 - dashboard - INFO - Создана таблица сравнения с 19 моделями
2025-05-01 14:10:12,472 - dashboard - INFO - Дашборд запущен
2025-05-01 14:10:12,472 - dashboard - INFO - Дашборд запущен
2025-05-01 14:10:12,472 - dashboard - INFO - Дашборд запущен
2025-05-01 14:10:12,472 - dashboard - INFO - Дашборд запущен
2025-05-01 14:10:12,472 - dashboard - INFO - Дашборд запущен
2025-05-01 14:10:12,472 - dashboard - INFO - Дашборд запущен
2025-05-01 14:10:12,472 - dashboard - INFO - Дашборд запущен
2025-05-01 14:10:12,478 - dashboard - ERROR - Ошибка при сборе системной информации: No module named 'tensorflow'
2025-05-01 14:10:12,478 - dashboard - ERROR - Ошибка при сборе системной информации: No module named 'tensorflow'
2025-05-01 14:10:12,478 - dashboard - ERROR - Ошибка при сборе системной информации: No module named 'tensorflow'
2025-05-01 14:10:12,478 - dashboard - ERROR - Ошибка при сборе системной информации: No module named 'tensorflow'
2025-05-01 14:10:12,478 - dashboard - ERROR - Ошибка при сборе системной информации: No module named 'tensorflow'
2025-05-01 14:10:12,478 - dashboard - ERROR - Ошибка при сборе системной информации: No module named 'tensorflow'
2025-05-01 14:10:12,478 - dashboard - ERROR - Ошибка при сборе системной информации: No module named 'tensorflow'
2025-05-01 14:10:12,479 - dashboard - ERROR - Traceback (most recent call last):
  File "D:\.Ucheba\ВКР\Project E\Project-E\for_docker\visualization\dashboard.py", line 172, in log_system_info
    import tensorflow as tf
ModuleNotFoundError: No module named 'tensorflow'

2025-05-01 14:10:12,479 - dashboard - ERROR - Traceback (most recent call last):
  File "D:\.Ucheba\ВКР\Project E\Project-E\for_docker\visualization\dashboard.py", line 172, in log_system_info
    import tensorflow as tf
ModuleNotFoundError: No module named 'tensorflow'

2025-05-01 14:10:12,479 - dashboard - ERROR - Traceback (most recent call last):
  File "D:\.Ucheba\ВКР\Project E\Project-E\for_docker\visualization\dashboard.py", line 172, in log_system_info
    import tensorflow as tf
ModuleNotFoundError: No module named 'tensorflow'

2025-05-01 14:10:12,479 - dashboard - ERROR - Traceback (most recent call last):
  File "D:\.Ucheba\ВКР\Project E\Project-E\for_docker\visualization\dashboard.py", line 172, in log_system_info
    import tensorflow as tf
ModuleNotFoundError: No module named 'tensorflow'

2025-05-01 14:10:12,479 - dashboard - ERROR - Traceback (most recent call last):
  File "D:\.Ucheba\ВКР\Project E\Project-E\for_docker\visualization\dashboard.py", line 172, in log_system_info
    import tensorflow as tf
ModuleNotFoundError: No module named 'tensorflow'

2025-05-01 14:10:12,479 - dashboard - ERROR - Traceback (most recent call last):
  File "D:\.Ucheba\ВКР\Project E\Project-E\for_docker\visualization\dashboard.py", line 172, in log_system_info
    import tensorflow as tf
ModuleNotFoundError: No module named 'tensorflow'

2025-05-01 14:10:12,479 - dashboard - ERROR - Traceback (most recent call last):
  File "D:\.Ucheba\ВКР\Project E\Project-E\for_docker\visualization\dashboard.py", line 172, in log_system_info
    import tensorflow as tf
ModuleNotFoundError: No module named 'tensorflow'

2025-05-01 14:10:12,482 - dashboard - INFO - Запуск основной функции дашборда
2025-05-01 14:10:12,482 - dashboard - INFO - Запуск основной функции дашборда
2025-05-01 14:10:12,482 - dashboard - INFO - Запуск основной функции дашборда
2025-05-01 14:10:12,482 - dashboard - INFO - Запуск основной функции дашборда
2025-05-01 14:10:12,482 - dashboard - INFO - Запуск основной функции дашборда
2025-05-01 14:10:12,482 - dashboard - INFO - Запуск основной функции дашборда
2025-05-01 14:10:12,482 - dashboard - INFO - Запуск основной функции дашборда
2025-05-01 14:10:12,484 - dashboard - INFO - Загрузка историй моделей из директории: ..\model_save_preset
2025-05-01 14:10:12,484 - dashboard - INFO - Загрузка историй моделей из директории: ..\model_save_preset
2025-05-01 14:10:12,484 - dashboard - INFO - Загрузка историй моделей из директории: ..\model_save_preset
2025-05-01 14:10:12,484 - dashboard - INFO - Загрузка историй моделей из директории: ..\model_save_preset
2025-05-01 14:10:12,484 - dashboard - INFO - Загрузка историй моделей из директории: ..\model_save_preset
2025-05-01 14:10:12,484 - dashboard - INFO - Загрузка историй моделей из директории: ..\model_save_preset
2025-05-01 14:10:12,484 - dashboard - INFO - Загрузка историй моделей из директории: ..\model_save_preset
2025-05-01 14:10:12,506 - dashboard - INFO - Загружено 19 моделей из 5 групп
2025-05-01 14:10:12,506 - dashboard - INFO - Загружено 19 моделей из 5 групп
2025-05-01 14:10:12,506 - dashboard - INFO - Загружено 19 моделей из 5 групп
2025-05-01 14:10:12,506 - dashboard - INFO - Загружено 19 моделей из 5 групп
2025-05-01 14:10:12,506 - dashboard - INFO - Загружено 19 моделей из 5 групп
2025-05-01 14:10:12,506 - dashboard - INFO - Загружено 19 моделей из 5 групп
2025-05-01 14:10:12,506 - dashboard - INFO - Загружено 19 моделей из 5 групп
2025-05-01 14:10:12,511 - dashboard - INFO - Переход на страницу: История обучения
2025-05-01 14:10:12,511 - dashboard - INFO - Переход на страницу: История обучения
2025-05-01 14:10:12,511 - dashboard - INFO - Переход на страницу: История обучения
2025-05-01 14:10:12,511 - dashboard - INFO - Переход на страницу: История обучения
2025-05-01 14:10:12,511 - dashboard - INFO - Переход на страницу: История обучения
2025-05-01 14:10:12,511 - dashboard - INFO - Переход на страницу: История обучения
2025-05-01 14:10:12,511 - dashboard - INFO - Переход на страницу: История обучения
2025-05-01 14:10:12,529 - dashboard - INFO - Создание таблицы сравнения метрик
2025-05-01 14:10:12,529 - dashboard - INFO - Создание таблицы сравнения метрик
2025-05-01 14:10:12,529 - dashboard - INFO - Создание таблицы сравнения метрик
2025-05-01 14:10:12,529 - dashboard - INFO - Создание таблицы сравнения метрик
2025-05-01 14:10:12,529 - dashboard - INFO - Создание таблицы сравнения метрик
2025-05-01 14:10:12,529 - dashboard - INFO - Создание таблицы сравнения метрик
2025-05-01 14:10:12,529 - dashboard - INFO - Создание таблицы сравнения метрик
2025-05-01 14:10:12,530 - dashboard - INFO - Создана таблица сравнения с 19 моделями
2025-05-01 14:10:12,530 - dashboard - INFO - Создана таблица сравнения с 19 моделями
2025-05-01 14:10:12,530 - dashboard - INFO - Создана таблица сравнения с 19 моделями
2025-05-01 14:10:12,530 - dashboard - INFO - Создана таблица сравнения с 19 моделями
2025-05-01 14:10:12,530 - dashboard - INFO - Создана таблица сравнения с 19 моделями
2025-05-01 14:10:12,530 - dashboard - INFO - Создана таблица сравнения с 19 моделями
2025-05-01 14:10:12,530 - dashboard - INFO - Создана таблица сравнения с 19 моделями
2025-05-01 14:10:16,494 - dashboard - INFO - Дашборд запущен
2025-05-01 14:10:16,494 - dashboard - INFO - Дашборд запущен
2025-05-01 14:10:16,494 - dashboard - INFO - Дашборд запущен
2025-05-01 14:10:16,494 - dashboard - INFO - Дашборд запущен
2025-05-01 14:10:16,494 - dashboard - INFO - Дашборд запущен
2025-05-01 14:10:16,494 - dashboard - INFO - Дашборд запущен
2025-05-01 14:10:16,494 - dashboard - INFO - Дашборд запущен
2025-05-01 14:10:16,494 - dashboard - INFO - Дашборд запущен
2025-05-01 14:10:16,517 - dashboard - ERROR - Ошибка при сборе системной информации: No module named 'tensorflow'
2025-05-01 14:10:16,517 - dashboard - ERROR - Ошибка при сборе системной информации: No module named 'tensorflow'
2025-05-01 14:10:16,517 - dashboard - ERROR - Ошибка при сборе системной информации: No module named 'tensorflow'
2025-05-01 14:10:16,517 - dashboard - ERROR - Ошибка при сборе системной информации: No module named 'tensorflow'
2025-05-01 14:10:16,517 - dashboard - ERROR - Ошибка при сборе системной информации: No module named 'tensorflow'
2025-05-01 14:10:16,517 - dashboard - ERROR - Ошибка при сборе системной информации: No module named 'tensorflow'
2025-05-01 14:10:16,517 - dashboard - ERROR - Ошибка при сборе системной информации: No module named 'tensorflow'
2025-05-01 14:10:16,517 - dashboard - ERROR - Ошибка при сборе системной информации: No module named 'tensorflow'
2025-05-01 14:10:16,518 - dashboard - ERROR - Traceback (most recent call last):
  File "D:\.Ucheba\ВКР\Project E\Project-E\for_docker\visualization\dashboard.py", line 172, in log_system_info
    import tensorflow as tf
ModuleNotFoundError: No module named 'tensorflow'

2025-05-01 14:10:16,518 - dashboard - ERROR - Traceback (most recent call last):
  File "D:\.Ucheba\ВКР\Project E\Project-E\for_docker\visualization\dashboard.py", line 172, in log_system_info
    import tensorflow as tf
ModuleNotFoundError: No module named 'tensorflow'

2025-05-01 14:10:16,518 - dashboard - ERROR - Traceback (most recent call last):
  File "D:\.Ucheba\ВКР\Project E\Project-E\for_docker\visualization\dashboard.py", line 172, in log_system_info
    import tensorflow as tf
ModuleNotFoundError: No module named 'tensorflow'

2025-05-01 14:10:16,518 - dashboard - ERROR - Traceback (most recent call last):
  File "D:\.Ucheba\ВКР\Project E\Project-E\for_docker\visualization\dashboard.py", line 172, in log_system_info
    import tensorflow as tf
ModuleNotFoundError: No module named 'tensorflow'

2025-05-01 14:10:16,518 - dashboard - ERROR - Traceback (most recent call last):
  File "D:\.Ucheba\ВКР\Project E\Project-E\for_docker\visualization\dashboard.py", line 172, in log_system_info
    import tensorflow as tf
ModuleNotFoundError: No module named 'tensorflow'

2025-05-01 14:10:16,518 - dashboard - ERROR - Traceback (most recent call last):
  File "D:\.Ucheba\ВКР\Project E\Project-E\for_docker\visualization\dashboard.py", line 172, in log_system_info
    import tensorflow as tf
ModuleNotFoundError: No module named 'tensorflow'

2025-05-01 14:10:16,518 - dashboard - ERROR - Traceback (most recent call last):
  File "D:\.Ucheba\ВКР\Project E\Project-E\for_docker\visualization\dashboard.py", line 172, in log_system_info
    import tensorflow as tf
ModuleNotFoundError: No module named 'tensorflow'

2025-05-01 14:10:16,518 - dashboard - ERROR - Traceback (most recent call last):
  File "D:\.Ucheba\ВКР\Project E\Project-E\for_docker\visualization\dashboard.py", line 172, in log_system_info
    import tensorflow as tf
ModuleNotFoundError: No module named 'tensorflow'

2025-05-01 14:10:16,518 - dashboard - INFO - Запуск основной функции дашборда
2025-05-01 14:10:16,518 - dashboard - INFO - Запуск основной функции дашборда
2025-05-01 14:10:16,518 - dashboard - INFO - Запуск основной функции дашборда
2025-05-01 14:10:16,518 - dashboard - INFO - Запуск основной функции дашборда
2025-05-01 14:10:16,518 - dashboard - INFO - Запуск основной функции дашборда
2025-05-01 14:10:16,518 - dashboard - INFO - Запуск основной функции дашборда
2025-05-01 14:10:16,518 - dashboard - INFO - Запуск основной функции дашборда
2025-05-01 14:10:16,518 - dashboard - INFO - Запуск основной функции дашборда
2025-05-01 14:10:16,520 - dashboard - INFO - Загрузка историй моделей из директории: ..\model_save_preset
2025-05-01 14:10:16,520 - dashboard - INFO - Загрузка историй моделей из директории: ..\model_save_preset
2025-05-01 14:10:16,520 - dashboard - INFO - Загрузка историй моделей из директории: ..\model_save_preset
2025-05-01 14:10:16,520 - dashboard - INFO - Загрузка историй моделей из директории: ..\model_save_preset
2025-05-01 14:10:16,520 - dashboard - INFO - Загрузка историй моделей из директории: ..\model_save_preset
2025-05-01 14:10:16,520 - dashboard - INFO - Загрузка историй моделей из директории: ..\model_save_preset
2025-05-01 14:10:16,520 - dashboard - INFO - Загрузка историй моделей из директории: ..\model_save_preset
2025-05-01 14:10:16,520 - dashboard - INFO - Загрузка историй моделей из директории: ..\model_save_preset
2025-05-01 14:10:16,558 - dashboard - INFO - Загружено 19 моделей из 5 групп
2025-05-01 14:10:16,558 - dashboard - INFO - Загружено 19 моделей из 5 групп
2025-05-01 14:10:16,558 - dashboard - INFO - Загружено 19 моделей из 5 групп
2025-05-01 14:10:16,558 - dashboard - INFO - Загружено 19 моделей из 5 групп
2025-05-01 14:10:16,558 - dashboard - INFO - Загружено 19 моделей из 5 групп
2025-05-01 14:10:16,558 - dashboard - INFO - Загружено 19 моделей из 5 групп
2025-05-01 14:10:16,558 - dashboard - INFO - Загружено 19 моделей из 5 групп
2025-05-01 14:10:16,558 - dashboard - INFO - Загружено 19 моделей из 5 групп
2025-05-01 14:10:16,563 - dashboard - INFO - Переход на страницу: История обучения
2025-05-01 14:10:16,563 - dashboard - INFO - Переход на страницу: История обучения
2025-05-01 14:10:16,563 - dashboard - INFO - Переход на страницу: История обучения
2025-05-01 14:10:16,563 - dashboard - INFO - Переход на страницу: История обучения
2025-05-01 14:10:16,563 - dashboard - INFO - Переход на страницу: История обучения
2025-05-01 14:10:16,563 - dashboard - INFO - Переход на страницу: История обучения
2025-05-01 14:10:16,563 - dashboard - INFO - Переход на страницу: История обучения
2025-05-01 14:10:16,563 - dashboard - INFO - Переход на страницу: История обучения
2025-05-01 14:10:16,570 - dashboard - INFO - Создание таблицы сравнения метрик
2025-05-01 14:10:16,570 - dashboard - INFO - Создание таблицы сравнения метрик
2025-05-01 14:10:16,570 - dashboard - INFO - Создание таблицы сравнения метрик
2025-05-01 14:10:16,570 - dashboard - INFO - Создание таблицы сравнения метрик
2025-05-01 14:10:16,570 - dashboard - INFO - Создание таблицы сравнения метрик
2025-05-01 14:10:16,570 - dashboard - INFO - Создание таблицы сравнения метрик
2025-05-01 14:10:16,570 - dashboard - INFO - Создание таблицы сравнения метрик
2025-05-01 14:10:16,570 - dashboard - INFO - Создание таблицы сравнения метрик
2025-05-01 14:10:16,572 - dashboard - INFO - Создана таблица сравнения с 19 моделями
2025-05-01 14:10:16,572 - dashboard - INFO - Создана таблица сравнения с 19 моделями
2025-05-01 14:10:16,572 - dashboard - INFO - Создана таблица сравнения с 19 моделями
2025-05-01 14:10:16,572 - dashboard - INFO - Создана таблица сравнения с 19 моделями
2025-05-01 14:10:16,572 - dashboard - INFO - Создана таблица сравнения с 19 моделями
2025-05-01 14:10:16,572 - dashboard - INFO - Создана таблица сравнения с 19 моделями
2025-05-01 14:10:16,572 - dashboard - INFO - Создана таблица сравнения с 19 моделями
2025-05-01 14:10:16,572 - dashboard - INFO - Создана таблица сравнения с 19 моделями
2025-05-01 14:10:47,457 - dashboard - INFO - Дашборд запущен
2025-05-01 14:10:47,457 - dashboard - INFO - Дашборд запущен
2025-05-01 14:10:47,457 - dashboard - INFO - Дашборд запущен
2025-05-01 14:10:47,457 - dashboard - INFO - Дашборд запущен
2025-05-01 14:10:47,457 - dashboard - INFO - Дашборд запущен
2025-05-01 14:10:47,457 - dashboard - INFO - Дашборд запущен
2025-05-01 14:10:47,457 - dashboard - INFO - Дашборд запущен
2025-05-01 14:10:47,457 - dashboard - INFO - Дашборд запущен
2025-05-01 14:10:47,457 - dashboard - INFO - Дашборд запущен
2025-05-01 14:10:47,462 - dashboard - ERROR - Ошибка при сборе системной информации: No module named 'tensorflow'
2025-05-01 14:10:47,462 - dashboard - ERROR - Ошибка при сборе системной информации: No module named 'tensorflow'
2025-05-01 14:10:47,462 - dashboard - ERROR - Ошибка при сборе системной информации: No module named 'tensorflow'
2025-05-01 14:10:47,462 - dashboard - ERROR - Ошибка при сборе системной информации: No module named 'tensorflow'
2025-05-01 14:10:47,462 - dashboard - ERROR - Ошибка при сборе системной информации: No module named 'tensorflow'
2025-05-01 14:10:47,462 - dashboard - ERROR - Ошибка при сборе системной информации: No module named 'tensorflow'
2025-05-01 14:10:47,462 - dashboard - ERROR - Ошибка при сборе системной информации: No module named 'tensorflow'
2025-05-01 14:10:47,462 - dashboard - ERROR - Ошибка при сборе системной информации: No module named 'tensorflow'
2025-05-01 14:10:47,462 - dashboard - ERROR - Ошибка при сборе системной информации: No module named 'tensorflow'
2025-05-01 14:10:47,463 - dashboard - ERROR - Traceback (most recent call last):
  File "D:\.Ucheba\ВКР\Project E\Project-E\for_docker\visualization\dashboard.py", line 172, in log_system_info
    import tensorflow as tf
ModuleNotFoundError: No module named 'tensorflow'

2025-05-01 14:10:47,463 - dashboard - ERROR - Traceback (most recent call last):
  File "D:\.Ucheba\ВКР\Project E\Project-E\for_docker\visualization\dashboard.py", line 172, in log_system_info
    import tensorflow as tf
ModuleNotFoundError: No module named 'tensorflow'

2025-05-01 14:10:47,463 - dashboard - ERROR - Traceback (most recent call last):
  File "D:\.Ucheba\ВКР\Project E\Project-E\for_docker\visualization\dashboard.py", line 172, in log_system_info
    import tensorflow as tf
ModuleNotFoundError: No module named 'tensorflow'

2025-05-01 14:10:47,463 - dashboard - ERROR - Traceback (most recent call last):
  File "D:\.Ucheba\ВКР\Project E\Project-E\for_docker\visualization\dashboard.py", line 172, in log_system_info
    import tensorflow as tf
ModuleNotFoundError: No module named 'tensorflow'

2025-05-01 14:10:47,463 - dashboard - ERROR - Traceback (most recent call last):
  File "D:\.Ucheba\ВКР\Project E\Project-E\for_docker\visualization\dashboard.py", line 172, in log_system_info
    import tensorflow as tf
ModuleNotFoundError: No module named 'tensorflow'

2025-05-01 14:10:47,463 - dashboard - ERROR - Traceback (most recent call last):
  File "D:\.Ucheba\ВКР\Project E\Project-E\for_docker\visualization\dashboard.py", line 172, in log_system_info
    import tensorflow as tf
ModuleNotFoundError: No module named 'tensorflow'

2025-05-01 14:10:47,463 - dashboard - ERROR - Traceback (most recent call last):
  File "D:\.Ucheba\ВКР\Project E\Project-E\for_docker\visualization\dashboard.py", line 172, in log_system_info
    import tensorflow as tf
ModuleNotFoundError: No module named 'tensorflow'

2025-05-01 14:10:47,463 - dashboard - ERROR - Traceback (most recent call last):
  File "D:\.Ucheba\ВКР\Project E\Project-E\for_docker\visualization\dashboard.py", line 172, in log_system_info
    import tensorflow as tf
ModuleNotFoundError: No module named 'tensorflow'

2025-05-01 14:10:47,463 - dashboard - ERROR - Traceback (most recent call last):
  File "D:\.Ucheba\ВКР\Project E\Project-E\for_docker\visualization\dashboard.py", line 172, in log_system_info
    import tensorflow as tf
ModuleNotFoundError: No module named 'tensorflow'

2025-05-01 14:10:47,465 - dashboard - INFO - Запуск основной функции дашборда
2025-05-01 14:10:47,465 - dashboard - INFO - Запуск основной функции дашборда
2025-05-01 14:10:47,465 - dashboard - INFO - Запуск основной функции дашборда
2025-05-01 14:10:47,465 - dashboard - INFO - Запуск основной функции дашборда
2025-05-01 14:10:47,465 - dashboard - INFO - Запуск основной функции дашборда
2025-05-01 14:10:47,465 - dashboard - INFO - Запуск основной функции дашборда
2025-05-01 14:10:47,465 - dashboard - INFO - Запуск основной функции дашборда
2025-05-01 14:10:47,465 - dashboard - INFO - Запуск основной функции дашборда
2025-05-01 14:10:47,465 - dashboard - INFO - Запуск основной функции дашборда
2025-05-01 14:10:47,469 - dashboard - INFO - Загрузка историй моделей из директории: ..\model_save_preset
2025-05-01 14:10:47,469 - dashboard - INFO - Загрузка историй моделей из директории: ..\model_save_preset
2025-05-01 14:10:47,469 - dashboard - INFO - Загрузка историй моделей из директории: ..\model_save_preset
2025-05-01 14:10:47,469 - dashboard - INFO - Загрузка историй моделей из директории: ..\model_save_preset
2025-05-01 14:10:47,469 - dashboard - INFO - Загрузка историй моделей из директории: ..\model_save_preset
2025-05-01 14:10:47,469 - dashboard - INFO - Загрузка историй моделей из директории: ..\model_save_preset
2025-05-01 14:10:47,469 - dashboard - INFO - Загрузка историй моделей из директории: ..\model_save_preset
2025-05-01 14:10:47,469 - dashboard - INFO - Загрузка историй моделей из директории: ..\model_save_preset
2025-05-01 14:10:47,469 - dashboard - INFO - Загрузка историй моделей из директории: ..\model_save_preset
2025-05-01 14:10:47,495 - dashboard - INFO - Загружено 19 моделей из 5 групп
2025-05-01 14:10:47,495 - dashboard - INFO - Загружено 19 моделей из 5 групп
2025-05-01 14:10:47,495 - dashboard - INFO - Загружено 19 моделей из 5 групп
2025-05-01 14:10:47,495 - dashboard - INFO - Загружено 19 моделей из 5 групп
2025-05-01 14:10:47,495 - dashboard - INFO - Загружено 19 моделей из 5 групп
2025-05-01 14:10:47,495 - dashboard - INFO - Загружено 19 моделей из 5 групп
2025-05-01 14:10:47,495 - dashboard - INFO - Загружено 19 моделей из 5 групп
2025-05-01 14:10:47,495 - dashboard - INFO - Загружено 19 моделей из 5 групп
2025-05-01 14:10:47,495 - dashboard - INFO - Загружено 19 моделей из 5 групп
2025-05-01 14:10:47,499 - dashboard - INFO - Переход на страницу: История обучения
2025-05-01 14:10:47,499 - dashboard - INFO - Переход на страницу: История обучения
2025-05-01 14:10:47,499 - dashboard - INFO - Переход на страницу: История обучения
2025-05-01 14:10:47,499 - dashboard - INFO - Переход на страницу: История обучения
2025-05-01 14:10:47,499 - dashboard - INFO - Переход на страницу: История обучения
2025-05-01 14:10:47,499 - dashboard - INFO - Переход на страницу: История обучения
2025-05-01 14:10:47,499 - dashboard - INFO - Переход на страницу: История обучения
2025-05-01 14:10:47,499 - dashboard - INFO - Переход на страницу: История обучения
2025-05-01 14:10:47,499 - dashboard - INFO - Переход на страницу: История обучения
2025-05-01 14:10:47,506 - dashboard - INFO - Создание таблицы сравнения метрик
2025-05-01 14:10:47,506 - dashboard - INFO - Создание таблицы сравнения метрик
2025-05-01 14:10:47,506 - dashboard - INFO - Создание таблицы сравнения метрик
2025-05-01 14:10:47,506 - dashboard - INFO - Создание таблицы сравнения метрик
2025-05-01 14:10:47,506 - dashboard - INFO - Создание таблицы сравнения метрик
2025-05-01 14:10:47,506 - dashboard - INFO - Создание таблицы сравнения метрик
2025-05-01 14:10:47,506 - dashboard - INFO - Создание таблицы сравнения метрик
2025-05-01 14:10:47,506 - dashboard - INFO - Создание таблицы сравнения метрик
2025-05-01 14:10:47,506 - dashboard - INFO - Создание таблицы сравнения метрик
2025-05-01 14:10:47,508 - dashboard - INFO - Создана таблица сравнения с 19 моделями
2025-05-01 14:10:47,508 - dashboard - INFO - Создана таблица сравнения с 19 моделями
2025-05-01 14:10:47,508 - dashboard - INFO - Создана таблица сравнения с 19 моделями
2025-05-01 14:10:47,508 - dashboard - INFO - Создана таблица сравнения с 19 моделями
2025-05-01 14:10:47,508 - dashboard - INFO - Создана таблица сравнения с 19 моделями
2025-05-01 14:10:47,508 - dashboard - INFO - Создана таблица сравнения с 19 моделями
2025-05-01 14:10:47,508 - dashboard - INFO - Создана таблица сравнения с 19 моделями
2025-05-01 14:10:47,508 - dashboard - INFO - Создана таблица сравнения с 19 моделями
2025-05-01 14:10:47,508 - dashboard - INFO - Создана таблица сравнения с 19 моделями
2025-05-01 14:13:30,617 - dashboard - INFO - Дашборд запущен
2025-05-01 14:13:30,617 - dashboard - INFO - Дашборд запущен
2025-05-01 14:13:30,617 - dashboard - INFO - Дашборд запущен
2025-05-01 14:13:30,617 - dashboard - INFO - Дашборд запущен
2025-05-01 14:13:30,617 - dashboard - INFO - Дашборд запущен
2025-05-01 14:13:30,617 - dashboard - INFO - Дашборд запущен
2025-05-01 14:13:30,617 - dashboard - INFO - Дашборд запущен
2025-05-01 14:13:30,617 - dashboard - INFO - Дашборд запущен
2025-05-01 14:13:30,617 - dashboard - INFO - Дашборд запущен
2025-05-01 14:13:30,617 - dashboard - INFO - Дашборд запущен
2025-05-01 14:13:30,623 - dashboard - ERROR - Ошибка при сборе системной информации: No module named 'tensorflow'
2025-05-01 14:13:30,623 - dashboard - ERROR - Ошибка при сборе системной информации: No module named 'tensorflow'
2025-05-01 14:13:30,623 - dashboard - ERROR - Ошибка при сборе системной информации: No module named 'tensorflow'
2025-05-01 14:13:30,623 - dashboard - ERROR - Ошибка при сборе системной информации: No module named 'tensorflow'
2025-05-01 14:13:30,623 - dashboard - ERROR - Ошибка при сборе системной информации: No module named 'tensorflow'
2025-05-01 14:13:30,623 - dashboard - ERROR - Ошибка при сборе системной информации: No module named 'tensorflow'
2025-05-01 14:13:30,623 - dashboard - ERROR - Ошибка при сборе системной информации: No module named 'tensorflow'
2025-05-01 14:13:30,623 - dashboard - ERROR - Ошибка при сборе системной информации: No module named 'tensorflow'
2025-05-01 14:13:30,623 - dashboard - ERROR - Ошибка при сборе системной информации: No module named 'tensorflow'
2025-05-01 14:13:30,623 - dashboard - ERROR - Ошибка при сборе системной информации: No module named 'tensorflow'
2025-05-01 14:13:30,625 - dashboard - ERROR - Traceback (most recent call last):
  File "D:\.Ucheba\ВКР\Project E\Project-E\for_docker\visualization\dashboard.py", line 172, in log_system_info
    import tensorflow as tf
ModuleNotFoundError: No module named 'tensorflow'

2025-05-01 14:13:30,625 - dashboard - ERROR - Traceback (most recent call last):
  File "D:\.Ucheba\ВКР\Project E\Project-E\for_docker\visualization\dashboard.py", line 172, in log_system_info
    import tensorflow as tf
ModuleNotFoundError: No module named 'tensorflow'

2025-05-01 14:13:30,625 - dashboard - ERROR - Traceback (most recent call last):
  File "D:\.Ucheba\ВКР\Project E\Project-E\for_docker\visualization\dashboard.py", line 172, in log_system_info
    import tensorflow as tf
ModuleNotFoundError: No module named 'tensorflow'

2025-05-01 14:13:30,625 - dashboard - ERROR - Traceback (most recent call last):
  File "D:\.Ucheba\ВКР\Project E\Project-E\for_docker\visualization\dashboard.py", line 172, in log_system_info
    import tensorflow as tf
ModuleNotFoundError: No module named 'tensorflow'

2025-05-01 14:13:30,625 - dashboard - ERROR - Traceback (most recent call last):
  File "D:\.Ucheba\ВКР\Project E\Project-E\for_docker\visualization\dashboard.py", line 172, in log_system_info
    import tensorflow as tf
ModuleNotFoundError: No module named 'tensorflow'

2025-05-01 14:13:30,625 - dashboard - ERROR - Traceback (most recent call last):
  File "D:\.Ucheba\ВКР\Project E\Project-E\for_docker\visualization\dashboard.py", line 172, in log_system_info
    import tensorflow as tf
ModuleNotFoundError: No module named 'tensorflow'

2025-05-01 14:13:30,625 - dashboard - ERROR - Traceback (most recent call last):
  File "D:\.Ucheba\ВКР\Project E\Project-E\for_docker\visualization\dashboard.py", line 172, in log_system_info
    import tensorflow as tf
ModuleNotFoundError: No module named 'tensorflow'

2025-05-01 14:13:30,625 - dashboard - ERROR - Traceback (most recent call last):
  File "D:\.Ucheba\ВКР\Project E\Project-E\for_docker\visualization\dashboard.py", line 172, in log_system_info
    import tensorflow as tf
ModuleNotFoundError: No module named 'tensorflow'

2025-05-01 14:13:30,625 - dashboard - ERROR - Traceback (most recent call last):
  File "D:\.Ucheba\ВКР\Project E\Project-E\for_docker\visualization\dashboard.py", line 172, in log_system_info
    import tensorflow as tf
ModuleNotFoundError: No module named 'tensorflow'

2025-05-01 14:13:30,625 - dashboard - ERROR - Traceback (most recent call last):
  File "D:\.Ucheba\ВКР\Project E\Project-E\for_docker\visualization\dashboard.py", line 172, in log_system_info
    import tensorflow as tf
ModuleNotFoundError: No module named 'tensorflow'

2025-05-01 14:13:30,626 - dashboard - INFO - Запуск основной функции дашборда
2025-05-01 14:13:30,626 - dashboard - INFO - Запуск основной функции дашборда
2025-05-01 14:13:30,626 - dashboard - INFO - Запуск основной функции дашборда
2025-05-01 14:13:30,626 - dashboard - INFO - Запуск основной функции дашборда
2025-05-01 14:13:30,626 - dashboard - INFO - Запуск основной функции дашборда
2025-05-01 14:13:30,626 - dashboard - INFO - Запуск основной функции дашборда
2025-05-01 14:13:30,626 - dashboard - INFO - Запуск основной функции дашборда
2025-05-01 14:13:30,626 - dashboard - INFO - Запуск основной функции дашборда
2025-05-01 14:13:30,626 - dashboard - INFO - Запуск основной функции дашборда
2025-05-01 14:13:30,626 - dashboard - INFO - Запуск основной функции дашборда
2025-05-01 14:13:30,630 - dashboard - INFO - Загрузка историй моделей из директории: ..\model_save_preset
2025-05-01 14:13:30,630 - dashboard - INFO - Загрузка историй моделей из директории: ..\model_save_preset
2025-05-01 14:13:30,630 - dashboard - INFO - Загрузка историй моделей из директории: ..\model_save_preset
2025-05-01 14:13:30,630 - dashboard - INFO - Загрузка историй моделей из директории: ..\model_save_preset
2025-05-01 14:13:30,630 - dashboard - INFO - Загрузка историй моделей из директории: ..\model_save_preset
2025-05-01 14:13:30,630 - dashboard - INFO - Загрузка историй моделей из директории: ..\model_save_preset
2025-05-01 14:13:30,630 - dashboard - INFO - Загрузка историй моделей из директории: ..\model_save_preset
2025-05-01 14:13:30,630 - dashboard - INFO - Загрузка историй моделей из директории: ..\model_save_preset
2025-05-01 14:13:30,630 - dashboard - INFO - Загрузка историй моделей из директории: ..\model_save_preset
2025-05-01 14:13:30,630 - dashboard - INFO - Загрузка историй моделей из директории: ..\model_save_preset
2025-05-01 14:13:30,649 - dashboard - INFO - Загружено 19 моделей из 5 групп
2025-05-01 14:13:30,649 - dashboard - INFO - Загружено 19 моделей из 5 групп
2025-05-01 14:13:30,649 - dashboard - INFO - Загружено 19 моделей из 5 групп
2025-05-01 14:13:30,649 - dashboard - INFO - Загружено 19 моделей из 5 групп
2025-05-01 14:13:30,649 - dashboard - INFO - Загружено 19 моделей из 5 групп
2025-05-01 14:13:30,649 - dashboard - INFO - Загружено 19 моделей из 5 групп
2025-05-01 14:13:30,649 - dashboard - INFO - Загружено 19 моделей из 5 групп
2025-05-01 14:13:30,649 - dashboard - INFO - Загружено 19 моделей из 5 групп
2025-05-01 14:13:30,649 - dashboard - INFO - Загружено 19 моделей из 5 групп
2025-05-01 14:13:30,649 - dashboard - INFO - Загружено 19 моделей из 5 групп
2025-05-01 14:13:30,652 - dashboard - INFO - Переход на страницу: История обучения
2025-05-01 14:13:30,652 - dashboard - INFO - Переход на страницу: История обучения
2025-05-01 14:13:30,652 - dashboard - INFO - Переход на страницу: История обучения
2025-05-01 14:13:30,652 - dashboard - INFO - Переход на страницу: История обучения
2025-05-01 14:13:30,652 - dashboard - INFO - Переход на страницу: История обучения
2025-05-01 14:13:30,652 - dashboard - INFO - Переход на страницу: История обучения
2025-05-01 14:13:30,652 - dashboard - INFO - Переход на страницу: История обучения
2025-05-01 14:13:30,652 - dashboard - INFO - Переход на страницу: История обучения
2025-05-01 14:13:30,652 - dashboard - INFO - Переход на страницу: История обучения
2025-05-01 14:13:30,652 - dashboard - INFO - Переход на страницу: История обучения
2025-05-01 14:13:30,658 - dashboard - INFO - Создание таблицы сравнения метрик
2025-05-01 14:13:30,658 - dashboard - INFO - Создание таблицы сравнения метрик
2025-05-01 14:13:30,658 - dashboard - INFO - Создание таблицы сравнения метрик
2025-05-01 14:13:30,658 - dashboard - INFO - Создание таблицы сравнения метрик
2025-05-01 14:13:30,658 - dashboard - INFO - Создание таблицы сравнения метрик
2025-05-01 14:13:30,658 - dashboard - INFO - Создание таблицы сравнения метрик
2025-05-01 14:13:30,658 - dashboard - INFO - Создание таблицы сравнения метрик
2025-05-01 14:13:30,658 - dashboard - INFO - Создание таблицы сравнения метрик
2025-05-01 14:13:30,658 - dashboard - INFO - Создание таблицы сравнения метрик
2025-05-01 14:13:30,658 - dashboard - INFO - Создание таблицы сравнения метрик
2025-05-01 14:13:30,662 - dashboard - INFO - Создана таблица сравнения с 19 моделями
2025-05-01 14:13:30,662 - dashboard - INFO - Создана таблица сравнения с 19 моделями
2025-05-01 14:13:30,662 - dashboard - INFO - Создана таблица сравнения с 19 моделями
2025-05-01 14:13:30,662 - dashboard - INFO - Создана таблица сравнения с 19 моделями
2025-05-01 14:13:30,662 - dashboard - INFO - Создана таблица сравнения с 19 моделями
2025-05-01 14:13:30,662 - dashboard - INFO - Создана таблица сравнения с 19 моделями
2025-05-01 14:13:30,662 - dashboard - INFO - Создана таблица сравнения с 19 моделями
2025-05-01 14:13:30,662 - dashboard - INFO - Создана таблица сравнения с 19 моделями
2025-05-01 14:13:30,662 - dashboard - INFO - Создана таблица сравнения с 19 моделями
2025-05-01 14:13:30,662 - dashboard - INFO - Создана таблица сравнения с 19 моделями
2025-05-01 14:13:53,152 - dashboard - INFO - Дашборд запущен
2025-05-01 14:13:53,152 - dashboard - INFO - Дашборд запущен
2025-05-01 14:13:53,152 - dashboard - INFO - Дашборд запущен
2025-05-01 14:13:53,152 - dashboard - INFO - Дашборд запущен
2025-05-01 14:13:53,152 - dashboard - INFO - Дашборд запущен
2025-05-01 14:13:53,152 - dashboard - INFO - Дашборд запущен
2025-05-01 14:13:53,152 - dashboard - INFO - Дашборд запущен
2025-05-01 14:13:53,152 - dashboard - INFO - Дашборд запущен
2025-05-01 14:13:53,152 - dashboard - INFO - Дашборд запущен
2025-05-01 14:13:53,152 - dashboard - INFO - Дашборд запущен
2025-05-01 14:13:53,152 - dashboard - INFO - Дашборд запущен
2025-05-01 14:13:53,158 - dashboard - ERROR - Ошибка при сборе системной информации: No module named 'tensorflow'
2025-05-01 14:13:53,158 - dashboard - ERROR - Ошибка при сборе системной информации: No module named 'tensorflow'
2025-05-01 14:13:53,158 - dashboard - ERROR - Ошибка при сборе системной информации: No module named 'tensorflow'
2025-05-01 14:13:53,158 - dashboard - ERROR - Ошибка при сборе системной информации: No module named 'tensorflow'
2025-05-01 14:13:53,158 - dashboard - ERROR - Ошибка при сборе системной информации: No module named 'tensorflow'
2025-05-01 14:13:53,158 - dashboard - ERROR - Ошибка при сборе системной информации: No module named 'tensorflow'
2025-05-01 14:13:53,158 - dashboard - ERROR - Ошибка при сборе системной информации: No module named 'tensorflow'
2025-05-01 14:13:53,158 - dashboard - ERROR - Ошибка при сборе системной информации: No module named 'tensorflow'
2025-05-01 14:13:53,158 - dashboard - ERROR - Ошибка при сборе системной информации: No module named 'tensorflow'
2025-05-01 14:13:53,158 - dashboard - ERROR - Ошибка при сборе системной информации: No module named 'tensorflow'
2025-05-01 14:13:53,158 - dashboard - ERROR - Ошибка при сборе системной информации: No module named 'tensorflow'
2025-05-01 14:13:53,162 - dashboard - ERROR - Traceback (most recent call last):
  File "D:\.Ucheba\ВКР\Project E\Project-E\for_docker\visualization\dashboard.py", line 172, in log_system_info
    import tensorflow as tf
ModuleNotFoundError: No module named 'tensorflow'

2025-05-01 14:13:53,162 - dashboard - ERROR - Traceback (most recent call last):
  File "D:\.Ucheba\ВКР\Project E\Project-E\for_docker\visualization\dashboard.py", line 172, in log_system_info
    import tensorflow as tf
ModuleNotFoundError: No module named 'tensorflow'

2025-05-01 14:13:53,162 - dashboard - ERROR - Traceback (most recent call last):
  File "D:\.Ucheba\ВКР\Project E\Project-E\for_docker\visualization\dashboard.py", line 172, in log_system_info
    import tensorflow as tf
ModuleNotFoundError: No module named 'tensorflow'

2025-05-01 14:13:53,162 - dashboard - ERROR - Traceback (most recent call last):
  File "D:\.Ucheba\ВКР\Project E\Project-E\for_docker\visualization\dashboard.py", line 172, in log_system_info
    import tensorflow as tf
ModuleNotFoundError: No module named 'tensorflow'

2025-05-01 14:13:53,162 - dashboard - ERROR - Traceback (most recent call last):
  File "D:\.Ucheba\ВКР\Project E\Project-E\for_docker\visualization\dashboard.py", line 172, in log_system_info
    import tensorflow as tf
ModuleNotFoundError: No module named 'tensorflow'

2025-05-01 14:13:53,162 - dashboard - ERROR - Traceback (most recent call last):
  File "D:\.Ucheba\ВКР\Project E\Project-E\for_docker\visualization\dashboard.py", line 172, in log_system_info
    import tensorflow as tf
ModuleNotFoundError: No module named 'tensorflow'

2025-05-01 14:13:53,162 - dashboard - ERROR - Traceback (most recent call last):
  File "D:\.Ucheba\ВКР\Project E\Project-E\for_docker\visualization\dashboard.py", line 172, in log_system_info
    import tensorflow as tf
ModuleNotFoundError: No module named 'tensorflow'

2025-05-01 14:13:53,162 - dashboard - ERROR - Traceback (most recent call last):
  File "D:\.Ucheba\ВКР\Project E\Project-E\for_docker\visualization\dashboard.py", line 172, in log_system_info
    import tensorflow as tf
ModuleNotFoundError: No module named 'tensorflow'

2025-05-01 14:13:53,162 - dashboard - ERROR - Traceback (most recent call last):
  File "D:\.Ucheba\ВКР\Project E\Project-E\for_docker\visualization\dashboard.py", line 172, in log_system_info
    import tensorflow as tf
ModuleNotFoundError: No module named 'tensorflow'

2025-05-01 14:13:53,162 - dashboard - ERROR - Traceback (most recent call last):
  File "D:\.Ucheba\ВКР\Project E\Project-E\for_docker\visualization\dashboard.py", line 172, in log_system_info
    import tensorflow as tf
ModuleNotFoundError: No module named 'tensorflow'

2025-05-01 14:13:53,162 - dashboard - ERROR - Traceback (most recent call last):
  File "D:\.Ucheba\ВКР\Project E\Project-E\for_docker\visualization\dashboard.py", line 172, in log_system_info
    import tensorflow as tf
ModuleNotFoundError: No module named 'tensorflow'

2025-05-01 14:13:53,163 - dashboard - INFO - Запуск основной функции дашборда
2025-05-01 14:13:53,163 - dashboard - INFO - Запуск основной функции дашборда
2025-05-01 14:13:53,163 - dashboard - INFO - Запуск основной функции дашборда
2025-05-01 14:13:53,163 - dashboard - INFO - Запуск основной функции дашборда
2025-05-01 14:13:53,163 - dashboard - INFO - Запуск основной функции дашборда
2025-05-01 14:13:53,163 - dashboard - INFO - Запуск основной функции дашборда
2025-05-01 14:13:53,163 - dashboard - INFO - Запуск основной функции дашборда
2025-05-01 14:13:53,163 - dashboard - INFO - Запуск основной функции дашборда
2025-05-01 14:13:53,163 - dashboard - INFO - Запуск основной функции дашборда
2025-05-01 14:13:53,163 - dashboard - INFO - Запуск основной функции дашборда
2025-05-01 14:13:53,163 - dashboard - INFO - Запуск основной функции дашборда
2025-05-01 14:13:53,167 - dashboard - INFO - Загрузка историй моделей из директории: ..\model_save_preset
2025-05-01 14:13:53,167 - dashboard - INFO - Загрузка историй моделей из директории: ..\model_save_preset
2025-05-01 14:13:53,167 - dashboard - INFO - Загрузка историй моделей из директории: ..\model_save_preset
2025-05-01 14:13:53,167 - dashboard - INFO - Загрузка историй моделей из директории: ..\model_save_preset
2025-05-01 14:13:53,167 - dashboard - INFO - Загрузка историй моделей из директории: ..\model_save_preset
2025-05-01 14:13:53,167 - dashboard - INFO - Загрузка историй моделей из директории: ..\model_save_preset
2025-05-01 14:13:53,167 - dashboard - INFO - Загрузка историй моделей из директории: ..\model_save_preset
2025-05-01 14:13:53,167 - dashboard - INFO - Загрузка историй моделей из директории: ..\model_save_preset
2025-05-01 14:13:53,167 - dashboard - INFO - Загрузка историй моделей из директории: ..\model_save_preset
2025-05-01 14:13:53,167 - dashboard - INFO - Загрузка историй моделей из директории: ..\model_save_preset
2025-05-01 14:13:53,167 - dashboard - INFO - Загрузка историй моделей из директории: ..\model_save_preset
2025-05-01 14:13:53,185 - dashboard - INFO - Загружено 19 моделей из 5 групп
2025-05-01 14:13:53,185 - dashboard - INFO - Загружено 19 моделей из 5 групп
2025-05-01 14:13:53,185 - dashboard - INFO - Загружено 19 моделей из 5 групп
2025-05-01 14:13:53,185 - dashboard - INFO - Загружено 19 моделей из 5 групп
2025-05-01 14:13:53,185 - dashboard - INFO - Загружено 19 моделей из 5 групп
2025-05-01 14:13:53,185 - dashboard - INFO - Загружено 19 моделей из 5 групп
2025-05-01 14:13:53,185 - dashboard - INFO - Загружено 19 моделей из 5 групп
2025-05-01 14:13:53,185 - dashboard - INFO - Загружено 19 моделей из 5 групп
2025-05-01 14:13:53,185 - dashboard - INFO - Загружено 19 моделей из 5 групп
2025-05-01 14:13:53,185 - dashboard - INFO - Загружено 19 моделей из 5 групп
2025-05-01 14:13:53,185 - dashboard - INFO - Загружено 19 моделей из 5 групп
2025-05-01 14:13:53,188 - dashboard - INFO - Переход на страницу: История обучения
2025-05-01 14:13:53,188 - dashboard - INFO - Переход на страницу: История обучения
2025-05-01 14:13:53,188 - dashboard - INFO - Переход на страницу: История обучения
2025-05-01 14:13:53,188 - dashboard - INFO - Переход на страницу: История обучения
2025-05-01 14:13:53,188 - dashboard - INFO - Переход на страницу: История обучения
2025-05-01 14:13:53,188 - dashboard - INFO - Переход на страницу: История обучения
2025-05-01 14:13:53,188 - dashboard - INFO - Переход на страницу: История обучения
2025-05-01 14:13:53,188 - dashboard - INFO - Переход на страницу: История обучения
2025-05-01 14:13:53,188 - dashboard - INFO - Переход на страницу: История обучения
2025-05-01 14:13:53,188 - dashboard - INFO - Переход на страницу: История обучения
2025-05-01 14:13:53,188 - dashboard - INFO - Переход на страницу: История обучения
2025-05-01 14:13:53,195 - dashboard - INFO - Создание таблицы сравнения метрик
2025-05-01 14:13:53,195 - dashboard - INFO - Создание таблицы сравнения метрик
2025-05-01 14:13:53,195 - dashboard - INFO - Создание таблицы сравнения метрик
2025-05-01 14:13:53,195 - dashboard - INFO - Создание таблицы сравнения метрик
2025-05-01 14:13:53,195 - dashboard - INFO - Создание таблицы сравнения метрик
2025-05-01 14:13:53,195 - dashboard - INFO - Создание таблицы сравнения метрик
2025-05-01 14:13:53,195 - dashboard - INFO - Создание таблицы сравнения метрик
2025-05-01 14:13:53,195 - dashboard - INFO - Создание таблицы сравнения метрик
2025-05-01 14:13:53,195 - dashboard - INFO - Создание таблицы сравнения метрик
2025-05-01 14:13:53,195 - dashboard - INFO - Создание таблицы сравнения метрик
2025-05-01 14:13:53,195 - dashboard - INFO - Создание таблицы сравнения метрик
2025-05-01 14:13:53,198 - dashboard - INFO - Создана таблица сравнения с 19 моделями
2025-05-01 14:13:53,198 - dashboard - INFO - Создана таблица сравнения с 19 моделями
2025-05-01 14:13:53,198 - dashboard - INFO - Создана таблица сравнения с 19 моделями
2025-05-01 14:13:53,198 - dashboard - INFO - Создана таблица сравнения с 19 моделями
2025-05-01 14:13:53,198 - dashboard - INFO - Создана таблица сравнения с 19 моделями
2025-05-01 14:13:53,198 - dashboard - INFO - Создана таблица сравнения с 19 моделями
2025-05-01 14:13:53,198 - dashboard - INFO - Создана таблица сравнения с 19 моделями
2025-05-01 14:13:53,198 - dashboard - INFO - Создана таблица сравнения с 19 моделями
2025-05-01 14:13:53,198 - dashboard - INFO - Создана таблица сравнения с 19 моделями
2025-05-01 14:13:53,198 - dashboard - INFO - Создана таблица сравнения с 19 моделями
2025-05-01 14:13:53,198 - dashboard - INFO - Создана таблица сравнения с 19 моделями
2025-05-01 14:14:27,408 - dashboard - INFO - Дашборд запущен
2025-05-01 14:14:27,408 - dashboard - INFO - Дашборд запущен
2025-05-01 14:14:27,408 - dashboard - INFO - Дашборд запущен
2025-05-01 14:14:27,408 - dashboard - INFO - Дашборд запущен
2025-05-01 14:14:27,408 - dashboard - INFO - Дашборд запущен
2025-05-01 14:14:27,408 - dashboard - INFO - Дашборд запущен
2025-05-01 14:14:27,408 - dashboard - INFO - Дашборд запущен
2025-05-01 14:14:27,408 - dashboard - INFO - Дашборд запущен
2025-05-01 14:14:27,408 - dashboard - INFO - Дашборд запущен
2025-05-01 14:14:27,408 - dashboard - INFO - Дашборд запущен
2025-05-01 14:14:27,408 - dashboard - INFO - Дашборд запущен
2025-05-01 14:14:27,408 - dashboard - INFO - Дашборд запущен
2025-05-01 14:14:27,413 - dashboard - ERROR - Ошибка при сборе системной информации: No module named 'tensorflow'
2025-05-01 14:14:27,413 - dashboard - ERROR - Ошибка при сборе системной информации: No module named 'tensorflow'
2025-05-01 14:14:27,413 - dashboard - ERROR - Ошибка при сборе системной информации: No module named 'tensorflow'
2025-05-01 14:14:27,413 - dashboard - ERROR - Ошибка при сборе системной информации: No module named 'tensorflow'
2025-05-01 14:14:27,413 - dashboard - ERROR - Ошибка при сборе системной информации: No module named 'tensorflow'
2025-05-01 14:14:27,413 - dashboard - ERROR - Ошибка при сборе системной информации: No module named 'tensorflow'
2025-05-01 14:14:27,413 - dashboard - ERROR - Ошибка при сборе системной информации: No module named 'tensorflow'
2025-05-01 14:14:27,413 - dashboard - ERROR - Ошибка при сборе системной информации: No module named 'tensorflow'
2025-05-01 14:14:27,413 - dashboard - ERROR - Ошибка при сборе системной информации: No module named 'tensorflow'
2025-05-01 14:14:27,413 - dashboard - ERROR - Ошибка при сборе системной информации: No module named 'tensorflow'
2025-05-01 14:14:27,413 - dashboard - ERROR - Ошибка при сборе системной информации: No module named 'tensorflow'
2025-05-01 14:14:27,413 - dashboard - ERROR - Ошибка при сборе системной информации: No module named 'tensorflow'
2025-05-01 14:14:27,415 - dashboard - ERROR - Traceback (most recent call last):
  File "D:\.Ucheba\ВКР\Project E\Project-E\for_docker\visualization\dashboard.py", line 172, in log_system_info
    import tensorflow as tf
ModuleNotFoundError: No module named 'tensorflow'

2025-05-01 14:14:27,415 - dashboard - ERROR - Traceback (most recent call last):
  File "D:\.Ucheba\ВКР\Project E\Project-E\for_docker\visualization\dashboard.py", line 172, in log_system_info
    import tensorflow as tf
ModuleNotFoundError: No module named 'tensorflow'

2025-05-01 14:14:27,415 - dashboard - ERROR - Traceback (most recent call last):
  File "D:\.Ucheba\ВКР\Project E\Project-E\for_docker\visualization\dashboard.py", line 172, in log_system_info
    import tensorflow as tf
ModuleNotFoundError: No module named 'tensorflow'

2025-05-01 14:14:27,415 - dashboard - ERROR - Traceback (most recent call last):
  File "D:\.Ucheba\ВКР\Project E\Project-E\for_docker\visualization\dashboard.py", line 172, in log_system_info
    import tensorflow as tf
ModuleNotFoundError: No module named 'tensorflow'

2025-05-01 14:14:27,415 - dashboard - ERROR - Traceback (most recent call last):
  File "D:\.Ucheba\ВКР\Project E\Project-E\for_docker\visualization\dashboard.py", line 172, in log_system_info
    import tensorflow as tf
ModuleNotFoundError: No module named 'tensorflow'

2025-05-01 14:14:27,415 - dashboard - ERROR - Traceback (most recent call last):
  File "D:\.Ucheba\ВКР\Project E\Project-E\for_docker\visualization\dashboard.py", line 172, in log_system_info
    import tensorflow as tf
ModuleNotFoundError: No module named 'tensorflow'

2025-05-01 14:14:27,415 - dashboard - ERROR - Traceback (most recent call last):
  File "D:\.Ucheba\ВКР\Project E\Project-E\for_docker\visualization\dashboard.py", line 172, in log_system_info
    import tensorflow as tf
ModuleNotFoundError: No module named 'tensorflow'

2025-05-01 14:14:27,415 - dashboard - ERROR - Traceback (most recent call last):
  File "D:\.Ucheba\ВКР\Project E\Project-E\for_docker\visualization\dashboard.py", line 172, in log_system_info
    import tensorflow as tf
ModuleNotFoundError: No module named 'tensorflow'

2025-05-01 14:14:27,415 - dashboard - ERROR - Traceback (most recent call last):
  File "D:\.Ucheba\ВКР\Project E\Project-E\for_docker\visualization\dashboard.py", line 172, in log_system_info
    import tensorflow as tf
ModuleNotFoundError: No module named 'tensorflow'

2025-05-01 14:14:27,415 - dashboard - ERROR - Traceback (most recent call last):
  File "D:\.Ucheba\ВКР\Project E\Project-E\for_docker\visualization\dashboard.py", line 172, in log_system_info
    import tensorflow as tf
ModuleNotFoundError: No module named 'tensorflow'

2025-05-01 14:14:27,415 - dashboard - ERROR - Traceback (most recent call last):
  File "D:\.Ucheba\ВКР\Project E\Project-E\for_docker\visualization\dashboard.py", line 172, in log_system_info
    import tensorflow as tf
ModuleNotFoundError: No module named 'tensorflow'

2025-05-01 14:14:27,415 - dashboard - ERROR - Traceback (most recent call last):
  File "D:\.Ucheba\ВКР\Project E\Project-E\for_docker\visualization\dashboard.py", line 172, in log_system_info
    import tensorflow as tf
ModuleNotFoundError: No module named 'tensorflow'

2025-05-01 14:14:27,416 - dashboard - INFO - Запуск основной функции дашборда
2025-05-01 14:14:27,416 - dashboard - INFO - Запуск основной функции дашборда
2025-05-01 14:14:27,416 - dashboard - INFO - Запуск основной функции дашборда
2025-05-01 14:14:27,416 - dashboard - INFO - Запуск основной функции дашборда
2025-05-01 14:14:27,416 - dashboard - INFO - Запуск основной функции дашборда
2025-05-01 14:14:27,416 - dashboard - INFO - Запуск основной функции дашборда
2025-05-01 14:14:27,416 - dashboard - INFO - Запуск основной функции дашборда
2025-05-01 14:14:27,416 - dashboard - INFO - Запуск основной функции дашборда
2025-05-01 14:14:27,416 - dashboard - INFO - Запуск основной функции дашборда
2025-05-01 14:14:27,416 - dashboard - INFO - Запуск основной функции дашборда
2025-05-01 14:14:27,416 - dashboard - INFO - Запуск основной функции дашборда
2025-05-01 14:14:27,416 - dashboard - INFO - Запуск основной функции дашборда
2025-05-01 14:14:27,419 - dashboard - INFO - Загрузка историй моделей из директории: ..\model_save_preset
2025-05-01 14:14:27,419 - dashboard - INFO - Загрузка историй моделей из директории: ..\model_save_preset
2025-05-01 14:14:27,419 - dashboard - INFO - Загрузка историй моделей из директории: ..\model_save_preset
2025-05-01 14:14:27,419 - dashboard - INFO - Загрузка историй моделей из директории: ..\model_save_preset
2025-05-01 14:14:27,419 - dashboard - INFO - Загрузка историй моделей из директории: ..\model_save_preset
2025-05-01 14:14:27,419 - dashboard - INFO - Загрузка историй моделей из директории: ..\model_save_preset
2025-05-01 14:14:27,419 - dashboard - INFO - Загрузка историй моделей из директории: ..\model_save_preset
2025-05-01 14:14:27,419 - dashboard - INFO - Загрузка историй моделей из директории: ..\model_save_preset
2025-05-01 14:14:27,419 - dashboard - INFO - Загрузка историй моделей из директории: ..\model_save_preset
2025-05-01 14:14:27,419 - dashboard - INFO - Загрузка историй моделей из директории: ..\model_save_preset
2025-05-01 14:14:27,419 - dashboard - INFO - Загрузка историй моделей из директории: ..\model_save_preset
2025-05-01 14:14:27,419 - dashboard - INFO - Загрузка историй моделей из директории: ..\model_save_preset
2025-05-01 14:14:27,448 - dashboard - INFO - Загружено 19 моделей из 5 групп
2025-05-01 14:14:27,448 - dashboard - INFO - Загружено 19 моделей из 5 групп
2025-05-01 14:14:27,448 - dashboard - INFO - Загружено 19 моделей из 5 групп
2025-05-01 14:14:27,448 - dashboard - INFO - Загружено 19 моделей из 5 групп
2025-05-01 14:14:27,448 - dashboard - INFO - Загружено 19 моделей из 5 групп
2025-05-01 14:14:27,448 - dashboard - INFO - Загружено 19 моделей из 5 групп
2025-05-01 14:14:27,448 - dashboard - INFO - Загружено 19 моделей из 5 групп
2025-05-01 14:14:27,448 - dashboard - INFO - Загружено 19 моделей из 5 групп
2025-05-01 14:14:27,448 - dashboard - INFO - Загружено 19 моделей из 5 групп
2025-05-01 14:14:27,448 - dashboard - INFO - Загружено 19 моделей из 5 групп
2025-05-01 14:14:27,448 - dashboard - INFO - Загружено 19 моделей из 5 групп
2025-05-01 14:14:27,448 - dashboard - INFO - Загружено 19 моделей из 5 групп
2025-05-01 14:14:27,450 - dashboard - INFO - Переход на страницу: Сравнение моделей
2025-05-01 14:14:27,450 - dashboard - INFO - Переход на страницу: Сравнение моделей
2025-05-01 14:14:27,450 - dashboard - INFO - Переход на страницу: Сравнение моделей
2025-05-01 14:14:27,450 - dashboard - INFO - Переход на страницу: Сравнение моделей
2025-05-01 14:14:27,450 - dashboard - INFO - Переход на страницу: Сравнение моделей
2025-05-01 14:14:27,450 - dashboard - INFO - Переход на страницу: Сравнение моделей
2025-05-01 14:14:27,450 - dashboard - INFO - Переход на страницу: Сравнение моделей
2025-05-01 14:14:27,450 - dashboard - INFO - Переход на страницу: Сравнение моделей
2025-05-01 14:14:27,450 - dashboard - INFO - Переход на страницу: Сравнение моделей
2025-05-01 14:14:27,450 - dashboard - INFO - Переход на страницу: Сравнение моделей
2025-05-01 14:14:27,450 - dashboard - INFO - Переход на страницу: Сравнение моделей
2025-05-01 14:14:27,450 - dashboard - INFO - Переход на страницу: Сравнение моделей
2025-05-01 14:14:27,454 - dashboard - INFO - Создание таблицы сравнения метрик
2025-05-01 14:14:27,454 - dashboard - INFO - Создание таблицы сравнения метрик
2025-05-01 14:14:27,454 - dashboard - INFO - Создание таблицы сравнения метрик
2025-05-01 14:14:27,454 - dashboard - INFO - Создание таблицы сравнения метрик
2025-05-01 14:14:27,454 - dashboard - INFO - Создание таблицы сравнения метрик
2025-05-01 14:14:27,454 - dashboard - INFO - Создание таблицы сравнения метрик
2025-05-01 14:14:27,454 - dashboard - INFO - Создание таблицы сравнения метрик
2025-05-01 14:14:27,454 - dashboard - INFO - Создание таблицы сравнения метрик
2025-05-01 14:14:27,454 - dashboard - INFO - Создание таблицы сравнения метрик
2025-05-01 14:14:27,454 - dashboard - INFO - Создание таблицы сравнения метрик
2025-05-01 14:14:27,454 - dashboard - INFO - Создание таблицы сравнения метрик
2025-05-01 14:14:27,454 - dashboard - INFO - Создание таблицы сравнения метрик
2025-05-01 14:14:27,460 - dashboard - INFO - Создана таблица сравнения с 19 моделями
2025-05-01 14:14:27,460 - dashboard - INFO - Создана таблица сравнения с 19 моделями
2025-05-01 14:14:27,460 - dashboard - INFO - Создана таблица сравнения с 19 моделями
2025-05-01 14:14:27,460 - dashboard - INFO - Создана таблица сравнения с 19 моделями
2025-05-01 14:14:27,460 - dashboard - INFO - Создана таблица сравнения с 19 моделями
2025-05-01 14:14:27,460 - dashboard - INFO - Создана таблица сравнения с 19 моделями
2025-05-01 14:14:27,460 - dashboard - INFO - Создана таблица сравнения с 19 моделями
2025-05-01 14:14:27,460 - dashboard - INFO - Создана таблица сравнения с 19 моделями
2025-05-01 14:14:27,460 - dashboard - INFO - Создана таблица сравнения с 19 моделями
2025-05-01 14:14:27,460 - dashboard - INFO - Создана таблица сравнения с 19 моделями
2025-05-01 14:14:27,460 - dashboard - INFO - Создана таблица сравнения с 19 моделями
2025-05-01 14:14:27,460 - dashboard - INFO - Создана таблица сравнения с 19 моделями
2025-05-01 14:14:31,148 - dashboard - INFO - Дашборд запущен
2025-05-01 14:14:31,148 - dashboard - INFO - Дашборд запущен
2025-05-01 14:14:31,148 - dashboard - INFO - Дашборд запущен
2025-05-01 14:14:31,148 - dashboard - INFO - Дашборд запущен
2025-05-01 14:14:31,148 - dashboard - INFO - Дашборд запущен
2025-05-01 14:14:31,148 - dashboard - INFO - Дашборд запущен
2025-05-01 14:14:31,148 - dashboard - INFO - Дашборд запущен
2025-05-01 14:14:31,148 - dashboard - INFO - Дашборд запущен
2025-05-01 14:14:31,148 - dashboard - INFO - Дашборд запущен
2025-05-01 14:14:31,148 - dashboard - INFO - Дашборд запущен
2025-05-01 14:14:31,148 - dashboard - INFO - Дашборд запущен
2025-05-01 14:14:31,148 - dashboard - INFO - Дашборд запущен
2025-05-01 14:14:31,148 - dashboard - INFO - Дашборд запущен
2025-05-01 14:14:31,154 - dashboard - ERROR - Ошибка при сборе системной информации: No module named 'tensorflow'
2025-05-01 14:14:31,154 - dashboard - ERROR - Ошибка при сборе системной информации: No module named 'tensorflow'
2025-05-01 14:14:31,154 - dashboard - ERROR - Ошибка при сборе системной информации: No module named 'tensorflow'
2025-05-01 14:14:31,154 - dashboard - ERROR - Ошибка при сборе системной информации: No module named 'tensorflow'
2025-05-01 14:14:31,154 - dashboard - ERROR - Ошибка при сборе системной информации: No module named 'tensorflow'
2025-05-01 14:14:31,154 - dashboard - ERROR - Ошибка при сборе системной информации: No module named 'tensorflow'
2025-05-01 14:14:31,154 - dashboard - ERROR - Ошибка при сборе системной информации: No module named 'tensorflow'
2025-05-01 14:14:31,154 - dashboard - ERROR - Ошибка при сборе системной информации: No module named 'tensorflow'
2025-05-01 14:14:31,154 - dashboard - ERROR - Ошибка при сборе системной информации: No module named 'tensorflow'
2025-05-01 14:14:31,154 - dashboard - ERROR - Ошибка при сборе системной информации: No module named 'tensorflow'
2025-05-01 14:14:31,154 - dashboard - ERROR - Ошибка при сборе системной информации: No module named 'tensorflow'
2025-05-01 14:14:31,154 - dashboard - ERROR - Ошибка при сборе системной информации: No module named 'tensorflow'
2025-05-01 14:14:31,154 - dashboard - ERROR - Ошибка при сборе системной информации: No module named 'tensorflow'
2025-05-01 14:14:31,155 - dashboard - ERROR - Traceback (most recent call last):
  File "D:\.Ucheba\ВКР\Project E\Project-E\for_docker\visualization\dashboard.py", line 172, in log_system_info
    import tensorflow as tf
ModuleNotFoundError: No module named 'tensorflow'

2025-05-01 14:14:31,155 - dashboard - ERROR - Traceback (most recent call last):
  File "D:\.Ucheba\ВКР\Project E\Project-E\for_docker\visualization\dashboard.py", line 172, in log_system_info
    import tensorflow as tf
ModuleNotFoundError: No module named 'tensorflow'

2025-05-01 14:14:31,155 - dashboard - ERROR - Traceback (most recent call last):
  File "D:\.Ucheba\ВКР\Project E\Project-E\for_docker\visualization\dashboard.py", line 172, in log_system_info
    import tensorflow as tf
ModuleNotFoundError: No module named 'tensorflow'

2025-05-01 14:14:31,155 - dashboard - ERROR - Traceback (most recent call last):
  File "D:\.Ucheba\ВКР\Project E\Project-E\for_docker\visualization\dashboard.py", line 172, in log_system_info
    import tensorflow as tf
ModuleNotFoundError: No module named 'tensorflow'

2025-05-01 14:14:31,155 - dashboard - ERROR - Traceback (most recent call last):
  File "D:\.Ucheba\ВКР\Project E\Project-E\for_docker\visualization\dashboard.py", line 172, in log_system_info
    import tensorflow as tf
ModuleNotFoundError: No module named 'tensorflow'

2025-05-01 14:14:31,155 - dashboard - ERROR - Traceback (most recent call last):
  File "D:\.Ucheba\ВКР\Project E\Project-E\for_docker\visualization\dashboard.py", line 172, in log_system_info
    import tensorflow as tf
ModuleNotFoundError: No module named 'tensorflow'

2025-05-01 14:14:31,155 - dashboard - ERROR - Traceback (most recent call last):
  File "D:\.Ucheba\ВКР\Project E\Project-E\for_docker\visualization\dashboard.py", line 172, in log_system_info
    import tensorflow as tf
ModuleNotFoundError: No module named 'tensorflow'

2025-05-01 14:14:31,155 - dashboard - ERROR - Traceback (most recent call last):
  File "D:\.Ucheba\ВКР\Project E\Project-E\for_docker\visualization\dashboard.py", line 172, in log_system_info
    import tensorflow as tf
ModuleNotFoundError: No module named 'tensorflow'

2025-05-01 14:14:31,155 - dashboard - ERROR - Traceback (most recent call last):
  File "D:\.Ucheba\ВКР\Project E\Project-E\for_docker\visualization\dashboard.py", line 172, in log_system_info
    import tensorflow as tf
ModuleNotFoundError: No module named 'tensorflow'

2025-05-01 14:14:31,155 - dashboard - ERROR - Traceback (most recent call last):
  File "D:\.Ucheba\ВКР\Project E\Project-E\for_docker\visualization\dashboard.py", line 172, in log_system_info
    import tensorflow as tf
ModuleNotFoundError: No module named 'tensorflow'

2025-05-01 14:14:31,155 - dashboard - ERROR - Traceback (most recent call last):
  File "D:\.Ucheba\ВКР\Project E\Project-E\for_docker\visualization\dashboard.py", line 172, in log_system_info
    import tensorflow as tf
ModuleNotFoundError: No module named 'tensorflow'

2025-05-01 14:14:31,155 - dashboard - ERROR - Traceback (most recent call last):
  File "D:\.Ucheba\ВКР\Project E\Project-E\for_docker\visualization\dashboard.py", line 172, in log_system_info
    import tensorflow as tf
ModuleNotFoundError: No module named 'tensorflow'

2025-05-01 14:14:31,155 - dashboard - ERROR - Traceback (most recent call last):
  File "D:\.Ucheba\ВКР\Project E\Project-E\for_docker\visualization\dashboard.py", line 172, in log_system_info
    import tensorflow as tf
ModuleNotFoundError: No module named 'tensorflow'

2025-05-01 14:14:31,157 - dashboard - INFO - Запуск основной функции дашборда
2025-05-01 14:14:31,157 - dashboard - INFO - Запуск основной функции дашборда
2025-05-01 14:14:31,157 - dashboard - INFO - Запуск основной функции дашборда
2025-05-01 14:14:31,157 - dashboard - INFO - Запуск основной функции дашборда
2025-05-01 14:14:31,157 - dashboard - INFO - Запуск основной функции дашборда
2025-05-01 14:14:31,157 - dashboard - INFO - Запуск основной функции дашборда
2025-05-01 14:14:31,157 - dashboard - INFO - Запуск основной функции дашборда
2025-05-01 14:14:31,157 - dashboard - INFO - Запуск основной функции дашборда
2025-05-01 14:14:31,157 - dashboard - INFO - Запуск основной функции дашборда
2025-05-01 14:14:31,157 - dashboard - INFO - Запуск основной функции дашборда
2025-05-01 14:14:31,157 - dashboard - INFO - Запуск основной функции дашборда
2025-05-01 14:14:31,157 - dashboard - INFO - Запуск основной функции дашборда
2025-05-01 14:14:31,157 - dashboard - INFO - Запуск основной функции дашборда
2025-05-01 14:14:31,163 - dashboard - INFO - Загрузка историй моделей из директории: ..\model_save_preset
2025-05-01 14:14:31,163 - dashboard - INFO - Загрузка историй моделей из директории: ..\model_save_preset
2025-05-01 14:14:31,163 - dashboard - INFO - Загрузка историй моделей из директории: ..\model_save_preset
2025-05-01 14:14:31,163 - dashboard - INFO - Загрузка историй моделей из директории: ..\model_save_preset
2025-05-01 14:14:31,163 - dashboard - INFO - Загрузка историй моделей из директории: ..\model_save_preset
2025-05-01 14:14:31,163 - dashboard - INFO - Загрузка историй моделей из директории: ..\model_save_preset
2025-05-01 14:14:31,163 - dashboard - INFO - Загрузка историй моделей из директории: ..\model_save_preset
2025-05-01 14:14:31,163 - dashboard - INFO - Загрузка историй моделей из директории: ..\model_save_preset
2025-05-01 14:14:31,163 - dashboard - INFO - Загрузка историй моделей из директории: ..\model_save_preset
2025-05-01 14:14:31,163 - dashboard - INFO - Загрузка историй моделей из директории: ..\model_save_preset
2025-05-01 14:14:31,163 - dashboard - INFO - Загрузка историй моделей из директории: ..\model_save_preset
2025-05-01 14:14:31,163 - dashboard - INFO - Загрузка историй моделей из директории: ..\model_save_preset
2025-05-01 14:14:31,163 - dashboard - INFO - Загрузка историй моделей из директории: ..\model_save_preset
2025-05-01 14:14:31,183 - dashboard - INFO - Загружено 19 моделей из 5 групп
2025-05-01 14:14:31,183 - dashboard - INFO - Загружено 19 моделей из 5 групп
2025-05-01 14:14:31,183 - dashboard - INFO - Загружено 19 моделей из 5 групп
2025-05-01 14:14:31,183 - dashboard - INFO - Загружено 19 моделей из 5 групп
2025-05-01 14:14:31,183 - dashboard - INFO - Загружено 19 моделей из 5 групп
2025-05-01 14:14:31,183 - dashboard - INFO - Загружено 19 моделей из 5 групп
2025-05-01 14:14:31,183 - dashboard - INFO - Загружено 19 моделей из 5 групп
2025-05-01 14:14:31,183 - dashboard - INFO - Загружено 19 моделей из 5 групп
2025-05-01 14:14:31,183 - dashboard - INFO - Загружено 19 моделей из 5 групп
2025-05-01 14:14:31,183 - dashboard - INFO - Загружено 19 моделей из 5 групп
2025-05-01 14:14:31,183 - dashboard - INFO - Загружено 19 моделей из 5 групп
2025-05-01 14:14:31,183 - dashboard - INFO - Загружено 19 моделей из 5 групп
2025-05-01 14:14:31,183 - dashboard - INFO - Загружено 19 моделей из 5 групп
2025-05-01 14:14:31,188 - dashboard - INFO - Переход на страницу: Сравнение моделей
2025-05-01 14:14:31,188 - dashboard - INFO - Переход на страницу: Сравнение моделей
2025-05-01 14:14:31,188 - dashboard - INFO - Переход на страницу: Сравнение моделей
2025-05-01 14:14:31,188 - dashboard - INFO - Переход на страницу: Сравнение моделей
2025-05-01 14:14:31,188 - dashboard - INFO - Переход на страницу: Сравнение моделей
2025-05-01 14:14:31,188 - dashboard - INFO - Переход на страницу: Сравнение моделей
2025-05-01 14:14:31,188 - dashboard - INFO - Переход на страницу: Сравнение моделей
2025-05-01 14:14:31,188 - dashboard - INFO - Переход на страницу: Сравнение моделей
2025-05-01 14:14:31,188 - dashboard - INFO - Переход на страницу: Сравнение моделей
2025-05-01 14:14:31,188 - dashboard - INFO - Переход на страницу: Сравнение моделей
2025-05-01 14:14:31,188 - dashboard - INFO - Переход на страницу: Сравнение моделей
2025-05-01 14:14:31,188 - dashboard - INFO - Переход на страницу: Сравнение моделей
2025-05-01 14:14:31,188 - dashboard - INFO - Переход на страницу: Сравнение моделей
2025-05-01 14:14:31,195 - dashboard - INFO - Создание таблицы сравнения метрик
2025-05-01 14:14:31,195 - dashboard - INFO - Создание таблицы сравнения метрик
2025-05-01 14:14:31,195 - dashboard - INFO - Создание таблицы сравнения метрик
2025-05-01 14:14:31,195 - dashboard - INFO - Создание таблицы сравнения метрик
2025-05-01 14:14:31,195 - dashboard - INFO - Создание таблицы сравнения метрик
2025-05-01 14:14:31,195 - dashboard - INFO - Создание таблицы сравнения метрик
2025-05-01 14:14:31,195 - dashboard - INFO - Создание таблицы сравнения метрик
2025-05-01 14:14:31,195 - dashboard - INFO - Создание таблицы сравнения метрик
2025-05-01 14:14:31,195 - dashboard - INFO - Создание таблицы сравнения метрик
2025-05-01 14:14:31,195 - dashboard - INFO - Создание таблицы сравнения метрик
2025-05-01 14:14:31,195 - dashboard - INFO - Создание таблицы сравнения метрик
2025-05-01 14:14:31,195 - dashboard - INFO - Создание таблицы сравнения метрик
2025-05-01 14:14:31,195 - dashboard - INFO - Создание таблицы сравнения метрик
2025-05-01 14:14:31,199 - dashboard - INFO - Создана таблица сравнения с 19 моделями
2025-05-01 14:14:31,199 - dashboard - INFO - Создана таблица сравнения с 19 моделями
2025-05-01 14:14:31,199 - dashboard - INFO - Создана таблица сравнения с 19 моделями
2025-05-01 14:14:31,199 - dashboard - INFO - Создана таблица сравнения с 19 моделями
2025-05-01 14:14:31,199 - dashboard - INFO - Создана таблица сравнения с 19 моделями
2025-05-01 14:14:31,199 - dashboard - INFO - Создана таблица сравнения с 19 моделями
2025-05-01 14:14:31,199 - dashboard - INFO - Создана таблица сравнения с 19 моделями
2025-05-01 14:14:31,199 - dashboard - INFO - Создана таблица сравнения с 19 моделями
2025-05-01 14:14:31,199 - dashboard - INFO - Создана таблица сравнения с 19 моделями
2025-05-01 14:14:31,199 - dashboard - INFO - Создана таблица сравнения с 19 моделями
2025-05-01 14:14:31,199 - dashboard - INFO - Создана таблица сравнения с 19 моделями
2025-05-01 14:14:31,199 - dashboard - INFO - Создана таблица сравнения с 19 моделями
2025-05-01 14:14:31,199 - dashboard - INFO - Создана таблица сравнения с 19 моделями
2025-05-01 14:14:49,522 - dashboard - INFO - Дашборд запущен
2025-05-01 14:14:49,522 - dashboard - INFO - Дашборд запущен
2025-05-01 14:14:49,522 - dashboard - INFO - Дашборд запущен
2025-05-01 14:14:49,522 - dashboard - INFO - Дашборд запущен
2025-05-01 14:14:49,522 - dashboard - INFO - Дашборд запущен
2025-05-01 14:14:49,522 - dashboard - INFO - Дашборд запущен
2025-05-01 14:14:49,522 - dashboard - INFO - Дашборд запущен
2025-05-01 14:14:49,522 - dashboard - INFO - Дашборд запущен
2025-05-01 14:14:49,522 - dashboard - INFO - Дашборд запущен
2025-05-01 14:14:49,522 - dashboard - INFO - Дашборд запущен
2025-05-01 14:14:49,522 - dashboard - INFO - Дашборд запущен
2025-05-01 14:14:49,522 - dashboard - INFO - Дашборд запущен
2025-05-01 14:14:49,522 - dashboard - INFO - Дашборд запущен
2025-05-01 14:14:49,522 - dashboard - INFO - Дашборд запущен
2025-05-01 14:14:49,527 - dashboard - ERROR - Ошибка при сборе системной информации: No module named 'tensorflow'
2025-05-01 14:14:49,527 - dashboard - ERROR - Ошибка при сборе системной информации: No module named 'tensorflow'
2025-05-01 14:14:49,527 - dashboard - ERROR - Ошибка при сборе системной информации: No module named 'tensorflow'
2025-05-01 14:14:49,527 - dashboard - ERROR - Ошибка при сборе системной информации: No module named 'tensorflow'
2025-05-01 14:14:49,527 - dashboard - ERROR - Ошибка при сборе системной информации: No module named 'tensorflow'
2025-05-01 14:14:49,527 - dashboard - ERROR - Ошибка при сборе системной информации: No module named 'tensorflow'
2025-05-01 14:14:49,527 - dashboard - ERROR - Ошибка при сборе системной информации: No module named 'tensorflow'
2025-05-01 14:14:49,527 - dashboard - ERROR - Ошибка при сборе системной информации: No module named 'tensorflow'
2025-05-01 14:14:49,527 - dashboard - ERROR - Ошибка при сборе системной информации: No module named 'tensorflow'
2025-05-01 14:14:49,527 - dashboard - ERROR - Ошибка при сборе системной информации: No module named 'tensorflow'
2025-05-01 14:14:49,527 - dashboard - ERROR - Ошибка при сборе системной информации: No module named 'tensorflow'
2025-05-01 14:14:49,527 - dashboard - ERROR - Ошибка при сборе системной информации: No module named 'tensorflow'
2025-05-01 14:14:49,527 - dashboard - ERROR - Ошибка при сборе системной информации: No module named 'tensorflow'
2025-05-01 14:14:49,527 - dashboard - ERROR - Ошибка при сборе системной информации: No module named 'tensorflow'
2025-05-01 14:14:49,529 - dashboard - ERROR - Traceback (most recent call last):
  File "D:\.Ucheba\ВКР\Project E\Project-E\for_docker\visualization\dashboard.py", line 172, in log_system_info
    import tensorflow as tf
ModuleNotFoundError: No module named 'tensorflow'

2025-05-01 14:14:49,529 - dashboard - ERROR - Traceback (most recent call last):
  File "D:\.Ucheba\ВКР\Project E\Project-E\for_docker\visualization\dashboard.py", line 172, in log_system_info
    import tensorflow as tf
ModuleNotFoundError: No module named 'tensorflow'

2025-05-01 14:14:49,529 - dashboard - ERROR - Traceback (most recent call last):
  File "D:\.Ucheba\ВКР\Project E\Project-E\for_docker\visualization\dashboard.py", line 172, in log_system_info
    import tensorflow as tf
ModuleNotFoundError: No module named 'tensorflow'

2025-05-01 14:14:49,529 - dashboard - ERROR - Traceback (most recent call last):
  File "D:\.Ucheba\ВКР\Project E\Project-E\for_docker\visualization\dashboard.py", line 172, in log_system_info
    import tensorflow as tf
ModuleNotFoundError: No module named 'tensorflow'

2025-05-01 14:14:49,529 - dashboard - ERROR - Traceback (most recent call last):
  File "D:\.Ucheba\ВКР\Project E\Project-E\for_docker\visualization\dashboard.py", line 172, in log_system_info
    import tensorflow as tf
ModuleNotFoundError: No module named 'tensorflow'

2025-05-01 14:14:49,529 - dashboard - ERROR - Traceback (most recent call last):
  File "D:\.Ucheba\ВКР\Project E\Project-E\for_docker\visualization\dashboard.py", line 172, in log_system_info
    import tensorflow as tf
ModuleNotFoundError: No module named 'tensorflow'

2025-05-01 14:14:49,529 - dashboard - ERROR - Traceback (most recent call last):
  File "D:\.Ucheba\ВКР\Project E\Project-E\for_docker\visualization\dashboard.py", line 172, in log_system_info
    import tensorflow as tf
ModuleNotFoundError: No module named 'tensorflow'

2025-05-01 14:14:49,529 - dashboard - ERROR - Traceback (most recent call last):
  File "D:\.Ucheba\ВКР\Project E\Project-E\for_docker\visualization\dashboard.py", line 172, in log_system_info
    import tensorflow as tf
ModuleNotFoundError: No module named 'tensorflow'

2025-05-01 14:14:49,529 - dashboard - ERROR - Traceback (most recent call last):
  File "D:\.Ucheba\ВКР\Project E\Project-E\for_docker\visualization\dashboard.py", line 172, in log_system_info
    import tensorflow as tf
ModuleNotFoundError: No module named 'tensorflow'

2025-05-01 14:14:49,529 - dashboard - ERROR - Traceback (most recent call last):
  File "D:\.Ucheba\ВКР\Project E\Project-E\for_docker\visualization\dashboard.py", line 172, in log_system_info
    import tensorflow as tf
ModuleNotFoundError: No module named 'tensorflow'

2025-05-01 14:14:49,529 - dashboard - ERROR - Traceback (most recent call last):
  File "D:\.Ucheba\ВКР\Project E\Project-E\for_docker\visualization\dashboard.py", line 172, in log_system_info
    import tensorflow as tf
ModuleNotFoundError: No module named 'tensorflow'

2025-05-01 14:14:49,529 - dashboard - ERROR - Traceback (most recent call last):
  File "D:\.Ucheba\ВКР\Project E\Project-E\for_docker\visualization\dashboard.py", line 172, in log_system_info
    import tensorflow as tf
ModuleNotFoundError: No module named 'tensorflow'

2025-05-01 14:14:49,529 - dashboard - ERROR - Traceback (most recent call last):
  File "D:\.Ucheba\ВКР\Project E\Project-E\for_docker\visualization\dashboard.py", line 172, in log_system_info
    import tensorflow as tf
ModuleNotFoundError: No module named 'tensorflow'

2025-05-01 14:14:49,529 - dashboard - ERROR - Traceback (most recent call last):
  File "D:\.Ucheba\ВКР\Project E\Project-E\for_docker\visualization\dashboard.py", line 172, in log_system_info
    import tensorflow as tf
ModuleNotFoundError: No module named 'tensorflow'

2025-05-01 14:14:49,530 - dashboard - INFO - Запуск основной функции дашборда
2025-05-01 14:14:49,530 - dashboard - INFO - Запуск основной функции дашборда
2025-05-01 14:14:49,530 - dashboard - INFO - Запуск основной функции дашборда
2025-05-01 14:14:49,530 - dashboard - INFO - Запуск основной функции дашборда
2025-05-01 14:14:49,530 - dashboard - INFO - Запуск основной функции дашборда
2025-05-01 14:14:49,530 - dashboard - INFO - Запуск основной функции дашборда
2025-05-01 14:14:49,530 - dashboard - INFO - Запуск основной функции дашборда
2025-05-01 14:14:49,530 - dashboard - INFO - Запуск основной функции дашборда
2025-05-01 14:14:49,530 - dashboard - INFO - Запуск основной функции дашборда
2025-05-01 14:14:49,530 - dashboard - INFO - Запуск основной функции дашборда
2025-05-01 14:14:49,530 - dashboard - INFO - Запуск основной функции дашборда
2025-05-01 14:14:49,530 - dashboard - INFO - Запуск основной функции дашборда
2025-05-01 14:14:49,530 - dashboard - INFO - Запуск основной функции дашборда
2025-05-01 14:14:49,530 - dashboard - INFO - Запуск основной функции дашборда
2025-05-01 14:14:49,535 - dashboard - INFO - Загрузка историй моделей из директории: ..\model_save_preset
2025-05-01 14:14:49,535 - dashboard - INFO - Загрузка историй моделей из директории: ..\model_save_preset
2025-05-01 14:14:49,535 - dashboard - INFO - Загрузка историй моделей из директории: ..\model_save_preset
2025-05-01 14:14:49,535 - dashboard - INFO - Загрузка историй моделей из директории: ..\model_save_preset
2025-05-01 14:14:49,535 - dashboard - INFO - Загрузка историй моделей из директории: ..\model_save_preset
2025-05-01 14:14:49,535 - dashboard - INFO - Загрузка историй моделей из директории: ..\model_save_preset
2025-05-01 14:14:49,535 - dashboard - INFO - Загрузка историй моделей из директории: ..\model_save_preset
2025-05-01 14:14:49,535 - dashboard - INFO - Загрузка историй моделей из директории: ..\model_save_preset
2025-05-01 14:14:49,535 - dashboard - INFO - Загрузка историй моделей из директории: ..\model_save_preset
2025-05-01 14:14:49,535 - dashboard - INFO - Загрузка историй моделей из директории: ..\model_save_preset
2025-05-01 14:14:49,535 - dashboard - INFO - Загрузка историй моделей из директории: ..\model_save_preset
2025-05-01 14:14:49,535 - dashboard - INFO - Загрузка историй моделей из директории: ..\model_save_preset
2025-05-01 14:14:49,535 - dashboard - INFO - Загрузка историй моделей из директории: ..\model_save_preset
2025-05-01 14:14:49,535 - dashboard - INFO - Загрузка историй моделей из директории: ..\model_save_preset
2025-05-01 14:14:49,556 - dashboard - INFO - Загружено 19 моделей из 5 групп
2025-05-01 14:14:49,556 - dashboard - INFO - Загружено 19 моделей из 5 групп
2025-05-01 14:14:49,556 - dashboard - INFO - Загружено 19 моделей из 5 групп
2025-05-01 14:14:49,556 - dashboard - INFO - Загружено 19 моделей из 5 групп
2025-05-01 14:14:49,556 - dashboard - INFO - Загружено 19 моделей из 5 групп
2025-05-01 14:14:49,556 - dashboard - INFO - Загружено 19 моделей из 5 групп
2025-05-01 14:14:49,556 - dashboard - INFO - Загружено 19 моделей из 5 групп
2025-05-01 14:14:49,556 - dashboard - INFO - Загружено 19 моделей из 5 групп
2025-05-01 14:14:49,556 - dashboard - INFO - Загружено 19 моделей из 5 групп
2025-05-01 14:14:49,556 - dashboard - INFO - Загружено 19 моделей из 5 групп
2025-05-01 14:14:49,556 - dashboard - INFO - Загружено 19 моделей из 5 групп
2025-05-01 14:14:49,556 - dashboard - INFO - Загружено 19 моделей из 5 групп
2025-05-01 14:14:49,556 - dashboard - INFO - Загружено 19 моделей из 5 групп
2025-05-01 14:14:49,556 - dashboard - INFO - Загружено 19 моделей из 5 групп
2025-05-01 14:14:49,561 - dashboard - INFO - Переход на страницу: Сравнение моделей
2025-05-01 14:14:49,561 - dashboard - INFO - Переход на страницу: Сравнение моделей
2025-05-01 14:14:49,561 - dashboard - INFO - Переход на страницу: Сравнение моделей
2025-05-01 14:14:49,561 - dashboard - INFO - Переход на страницу: Сравнение моделей
2025-05-01 14:14:49,561 - dashboard - INFO - Переход на страницу: Сравнение моделей
2025-05-01 14:14:49,561 - dashboard - INFO - Переход на страницу: Сравнение моделей
2025-05-01 14:14:49,561 - dashboard - INFO - Переход на страницу: Сравнение моделей
2025-05-01 14:14:49,561 - dashboard - INFO - Переход на страницу: Сравнение моделей
2025-05-01 14:14:49,561 - dashboard - INFO - Переход на страницу: Сравнение моделей
2025-05-01 14:14:49,561 - dashboard - INFO - Переход на страницу: Сравнение моделей
2025-05-01 14:14:49,561 - dashboard - INFO - Переход на страницу: Сравнение моделей
2025-05-01 14:14:49,561 - dashboard - INFO - Переход на страницу: Сравнение моделей
2025-05-01 14:14:49,561 - dashboard - INFO - Переход на страницу: Сравнение моделей
2025-05-01 14:14:49,561 - dashboard - INFO - Переход на страницу: Сравнение моделей
2025-05-01 14:14:49,569 - dashboard - INFO - Создание таблицы сравнения метрик
2025-05-01 14:14:49,569 - dashboard - INFO - Создание таблицы сравнения метрик
2025-05-01 14:14:49,569 - dashboard - INFO - Создание таблицы сравнения метрик
2025-05-01 14:14:49,569 - dashboard - INFO - Создание таблицы сравнения метрик
2025-05-01 14:14:49,569 - dashboard - INFO - Создание таблицы сравнения метрик
2025-05-01 14:14:49,569 - dashboard - INFO - Создание таблицы сравнения метрик
2025-05-01 14:14:49,569 - dashboard - INFO - Создание таблицы сравнения метрик
2025-05-01 14:14:49,569 - dashboard - INFO - Создание таблицы сравнения метрик
2025-05-01 14:14:49,569 - dashboard - INFO - Создание таблицы сравнения метрик
2025-05-01 14:14:49,569 - dashboard - INFO - Создание таблицы сравнения метрик
2025-05-01 14:14:49,569 - dashboard - INFO - Создание таблицы сравнения метрик
2025-05-01 14:14:49,569 - dashboard - INFO - Создание таблицы сравнения метрик
2025-05-01 14:14:49,569 - dashboard - INFO - Создание таблицы сравнения метрик
2025-05-01 14:14:49,569 - dashboard - INFO - Создание таблицы сравнения метрик
2025-05-01 14:14:49,570 - dashboard - INFO - Создана таблица сравнения с 19 моделями
2025-05-01 14:14:49,570 - dashboard - INFO - Создана таблица сравнения с 19 моделями
2025-05-01 14:14:49,570 - dashboard - INFO - Создана таблица сравнения с 19 моделями
2025-05-01 14:14:49,570 - dashboard - INFO - Создана таблица сравнения с 19 моделями
2025-05-01 14:14:49,570 - dashboard - INFO - Создана таблица сравнения с 19 моделями
2025-05-01 14:14:49,570 - dashboard - INFO - Создана таблица сравнения с 19 моделями
2025-05-01 14:14:49,570 - dashboard - INFO - Создана таблица сравнения с 19 моделями
2025-05-01 14:14:49,570 - dashboard - INFO - Создана таблица сравнения с 19 моделями
2025-05-01 14:14:49,570 - dashboard - INFO - Создана таблица сравнения с 19 моделями
2025-05-01 14:14:49,570 - dashboard - INFO - Создана таблица сравнения с 19 моделями
2025-05-01 14:14:49,570 - dashboard - INFO - Создана таблица сравнения с 19 моделями
2025-05-01 14:14:49,570 - dashboard - INFO - Создана таблица сравнения с 19 моделями
2025-05-01 14:14:49,570 - dashboard - INFO - Создана таблица сравнения с 19 моделями
2025-05-01 14:14:49,570 - dashboard - INFO - Создана таблица сравнения с 19 моделями
2025-05-01 14:15:04,134 - dashboard - INFO - Дашборд запущен
2025-05-01 14:15:04,134 - dashboard - INFO - Дашборд запущен
2025-05-01 14:15:04,134 - dashboard - INFO - Дашборд запущен
2025-05-01 14:15:04,134 - dashboard - INFO - Дашборд запущен
2025-05-01 14:15:04,134 - dashboard - INFO - Дашборд запущен
2025-05-01 14:15:04,134 - dashboard - INFO - Дашборд запущен
2025-05-01 14:15:04,134 - dashboard - INFO - Дашборд запущен
2025-05-01 14:15:04,134 - dashboard - INFO - Дашборд запущен
2025-05-01 14:15:04,134 - dashboard - INFO - Дашборд запущен
2025-05-01 14:15:04,134 - dashboard - INFO - Дашборд запущен
2025-05-01 14:15:04,134 - dashboard - INFO - Дашборд запущен
2025-05-01 14:15:04,134 - dashboard - INFO - Дашборд запущен
2025-05-01 14:15:04,134 - dashboard - INFO - Дашборд запущен
2025-05-01 14:15:04,134 - dashboard - INFO - Дашборд запущен
2025-05-01 14:15:04,134 - dashboard - INFO - Дашборд запущен
2025-05-01 14:15:04,140 - dashboard - ERROR - Ошибка при сборе системной информации: No module named 'tensorflow'
2025-05-01 14:15:04,140 - dashboard - ERROR - Ошибка при сборе системной информации: No module named 'tensorflow'
2025-05-01 14:15:04,140 - dashboard - ERROR - Ошибка при сборе системной информации: No module named 'tensorflow'
2025-05-01 14:15:04,140 - dashboard - ERROR - Ошибка при сборе системной информации: No module named 'tensorflow'
2025-05-01 14:15:04,140 - dashboard - ERROR - Ошибка при сборе системной информации: No module named 'tensorflow'
2025-05-01 14:15:04,140 - dashboard - ERROR - Ошибка при сборе системной информации: No module named 'tensorflow'
2025-05-01 14:15:04,140 - dashboard - ERROR - Ошибка при сборе системной информации: No module named 'tensorflow'
2025-05-01 14:15:04,140 - dashboard - ERROR - Ошибка при сборе системной информации: No module named 'tensorflow'
2025-05-01 14:15:04,140 - dashboard - ERROR - Ошибка при сборе системной информации: No module named 'tensorflow'
2025-05-01 14:15:04,140 - dashboard - ERROR - Ошибка при сборе системной информации: No module named 'tensorflow'
2025-05-01 14:15:04,140 - dashboard - ERROR - Ошибка при сборе системной информации: No module named 'tensorflow'
2025-05-01 14:15:04,140 - dashboard - ERROR - Ошибка при сборе системной информации: No module named 'tensorflow'
2025-05-01 14:15:04,140 - dashboard - ERROR - Ошибка при сборе системной информации: No module named 'tensorflow'
2025-05-01 14:15:04,140 - dashboard - ERROR - Ошибка при сборе системной информации: No module named 'tensorflow'
2025-05-01 14:15:04,140 - dashboard - ERROR - Ошибка при сборе системной информации: No module named 'tensorflow'
2025-05-01 14:15:04,143 - dashboard - ERROR - Traceback (most recent call last):
  File "D:\.Ucheba\ВКР\Project E\Project-E\for_docker\visualization\dashboard.py", line 172, in log_system_info
    import tensorflow as tf
ModuleNotFoundError: No module named 'tensorflow'

2025-05-01 14:15:04,143 - dashboard - ERROR - Traceback (most recent call last):
  File "D:\.Ucheba\ВКР\Project E\Project-E\for_docker\visualization\dashboard.py", line 172, in log_system_info
    import tensorflow as tf
ModuleNotFoundError: No module named 'tensorflow'

2025-05-01 14:15:04,143 - dashboard - ERROR - Traceback (most recent call last):
  File "D:\.Ucheba\ВКР\Project E\Project-E\for_docker\visualization\dashboard.py", line 172, in log_system_info
    import tensorflow as tf
ModuleNotFoundError: No module named 'tensorflow'

2025-05-01 14:15:04,143 - dashboard - ERROR - Traceback (most recent call last):
  File "D:\.Ucheba\ВКР\Project E\Project-E\for_docker\visualization\dashboard.py", line 172, in log_system_info
    import tensorflow as tf
ModuleNotFoundError: No module named 'tensorflow'

2025-05-01 14:15:04,143 - dashboard - ERROR - Traceback (most recent call last):
  File "D:\.Ucheba\ВКР\Project E\Project-E\for_docker\visualization\dashboard.py", line 172, in log_system_info
    import tensorflow as tf
ModuleNotFoundError: No module named 'tensorflow'

2025-05-01 14:15:04,143 - dashboard - ERROR - Traceback (most recent call last):
  File "D:\.Ucheba\ВКР\Project E\Project-E\for_docker\visualization\dashboard.py", line 172, in log_system_info
    import tensorflow as tf
ModuleNotFoundError: No module named 'tensorflow'

2025-05-01 14:15:04,143 - dashboard - ERROR - Traceback (most recent call last):
  File "D:\.Ucheba\ВКР\Project E\Project-E\for_docker\visualization\dashboard.py", line 172, in log_system_info
    import tensorflow as tf
ModuleNotFoundError: No module named 'tensorflow'

2025-05-01 14:15:04,143 - dashboard - ERROR - Traceback (most recent call last):
  File "D:\.Ucheba\ВКР\Project E\Project-E\for_docker\visualization\dashboard.py", line 172, in log_system_info
    import tensorflow as tf
ModuleNotFoundError: No module named 'tensorflow'

2025-05-01 14:15:04,143 - dashboard - ERROR - Traceback (most recent call last):
  File "D:\.Ucheba\ВКР\Project E\Project-E\for_docker\visualization\dashboard.py", line 172, in log_system_info
    import tensorflow as tf
ModuleNotFoundError: No module named 'tensorflow'

2025-05-01 14:15:04,143 - dashboard - ERROR - Traceback (most recent call last):
  File "D:\.Ucheba\ВКР\Project E\Project-E\for_docker\visualization\dashboard.py", line 172, in log_system_info
    import tensorflow as tf
ModuleNotFoundError: No module named 'tensorflow'

2025-05-01 14:15:04,143 - dashboard - ERROR - Traceback (most recent call last):
  File "D:\.Ucheba\ВКР\Project E\Project-E\for_docker\visualization\dashboard.py", line 172, in log_system_info
    import tensorflow as tf
ModuleNotFoundError: No module named 'tensorflow'

2025-05-01 14:15:04,143 - dashboard - ERROR - Traceback (most recent call last):
  File "D:\.Ucheba\ВКР\Project E\Project-E\for_docker\visualization\dashboard.py", line 172, in log_system_info
    import tensorflow as tf
ModuleNotFoundError: No module named 'tensorflow'

2025-05-01 14:15:04,143 - dashboard - ERROR - Traceback (most recent call last):
  File "D:\.Ucheba\ВКР\Project E\Project-E\for_docker\visualization\dashboard.py", line 172, in log_system_info
    import tensorflow as tf
ModuleNotFoundError: No module named 'tensorflow'

2025-05-01 14:15:04,143 - dashboard - ERROR - Traceback (most recent call last):
  File "D:\.Ucheba\ВКР\Project E\Project-E\for_docker\visualization\dashboard.py", line 172, in log_system_info
    import tensorflow as tf
ModuleNotFoundError: No module named 'tensorflow'

2025-05-01 14:15:04,143 - dashboard - ERROR - Traceback (most recent call last):
  File "D:\.Ucheba\ВКР\Project E\Project-E\for_docker\visualization\dashboard.py", line 172, in log_system_info
    import tensorflow as tf
ModuleNotFoundError: No module named 'tensorflow'

2025-05-01 14:15:04,144 - dashboard - INFO - Запуск основной функции дашборда
2025-05-01 14:15:04,144 - dashboard - INFO - Запуск основной функции дашборда
2025-05-01 14:15:04,144 - dashboard - INFO - Запуск основной функции дашборда
2025-05-01 14:15:04,144 - dashboard - INFO - Запуск основной функции дашборда
2025-05-01 14:15:04,144 - dashboard - INFO - Запуск основной функции дашборда
2025-05-01 14:15:04,144 - dashboard - INFO - Запуск основной функции дашборда
2025-05-01 14:15:04,144 - dashboard - INFO - Запуск основной функции дашборда
2025-05-01 14:15:04,144 - dashboard - INFO - Запуск основной функции дашборда
2025-05-01 14:15:04,144 - dashboard - INFO - Запуск основной функции дашборда
2025-05-01 14:15:04,144 - dashboard - INFO - Запуск основной функции дашборда
2025-05-01 14:15:04,144 - dashboard - INFO - Запуск основной функции дашборда
2025-05-01 14:15:04,144 - dashboard - INFO - Запуск основной функции дашборда
2025-05-01 14:15:04,144 - dashboard - INFO - Запуск основной функции дашборда
2025-05-01 14:15:04,144 - dashboard - INFO - Запуск основной функции дашборда
2025-05-01 14:15:04,144 - dashboard - INFO - Запуск основной функции дашборда
2025-05-01 14:15:04,148 - dashboard - INFO - Загрузка историй моделей из директории: ..\model_save_preset
2025-05-01 14:15:04,148 - dashboard - INFO - Загрузка историй моделей из директории: ..\model_save_preset
2025-05-01 14:15:04,148 - dashboard - INFO - Загрузка историй моделей из директории: ..\model_save_preset
2025-05-01 14:15:04,148 - dashboard - INFO - Загрузка историй моделей из директории: ..\model_save_preset
2025-05-01 14:15:04,148 - dashboard - INFO - Загрузка историй моделей из директории: ..\model_save_preset
2025-05-01 14:15:04,148 - dashboard - INFO - Загрузка историй моделей из директории: ..\model_save_preset
2025-05-01 14:15:04,148 - dashboard - INFO - Загрузка историй моделей из директории: ..\model_save_preset
2025-05-01 14:15:04,148 - dashboard - INFO - Загрузка историй моделей из директории: ..\model_save_preset
2025-05-01 14:15:04,148 - dashboard - INFO - Загрузка историй моделей из директории: ..\model_save_preset
2025-05-01 14:15:04,148 - dashboard - INFO - Загрузка историй моделей из директории: ..\model_save_preset
2025-05-01 14:15:04,148 - dashboard - INFO - Загрузка историй моделей из директории: ..\model_save_preset
2025-05-01 14:15:04,148 - dashboard - INFO - Загрузка историй моделей из директории: ..\model_save_preset
2025-05-01 14:15:04,148 - dashboard - INFO - Загрузка историй моделей из директории: ..\model_save_preset
2025-05-01 14:15:04,148 - dashboard - INFO - Загрузка историй моделей из директории: ..\model_save_preset
2025-05-01 14:15:04,148 - dashboard - INFO - Загрузка историй моделей из директории: ..\model_save_preset
2025-05-01 14:15:04,168 - dashboard - INFO - Загружено 19 моделей из 5 групп
2025-05-01 14:15:04,168 - dashboard - INFO - Загружено 19 моделей из 5 групп
2025-05-01 14:15:04,168 - dashboard - INFO - Загружено 19 моделей из 5 групп
2025-05-01 14:15:04,168 - dashboard - INFO - Загружено 19 моделей из 5 групп
2025-05-01 14:15:04,168 - dashboard - INFO - Загружено 19 моделей из 5 групп
2025-05-01 14:15:04,168 - dashboard - INFO - Загружено 19 моделей из 5 групп
2025-05-01 14:15:04,168 - dashboard - INFO - Загружено 19 моделей из 5 групп
2025-05-01 14:15:04,168 - dashboard - INFO - Загружено 19 моделей из 5 групп
2025-05-01 14:15:04,168 - dashboard - INFO - Загружено 19 моделей из 5 групп
2025-05-01 14:15:04,168 - dashboard - INFO - Загружено 19 моделей из 5 групп
2025-05-01 14:15:04,168 - dashboard - INFO - Загружено 19 моделей из 5 групп
2025-05-01 14:15:04,168 - dashboard - INFO - Загружено 19 моделей из 5 групп
2025-05-01 14:15:04,168 - dashboard - INFO - Загружено 19 моделей из 5 групп
2025-05-01 14:15:04,168 - dashboard - INFO - Загружено 19 моделей из 5 групп
2025-05-01 14:15:04,168 - dashboard - INFO - Загружено 19 моделей из 5 групп
2025-05-01 14:15:04,170 - dashboard - INFO - Переход на страницу: Сравнение моделей
2025-05-01 14:15:04,170 - dashboard - INFO - Переход на страницу: Сравнение моделей
2025-05-01 14:15:04,170 - dashboard - INFO - Переход на страницу: Сравнение моделей
2025-05-01 14:15:04,170 - dashboard - INFO - Переход на страницу: Сравнение моделей
2025-05-01 14:15:04,170 - dashboard - INFO - Переход на страницу: Сравнение моделей
2025-05-01 14:15:04,170 - dashboard - INFO - Переход на страницу: Сравнение моделей
2025-05-01 14:15:04,170 - dashboard - INFO - Переход на страницу: Сравнение моделей
2025-05-01 14:15:04,170 - dashboard - INFO - Переход на страницу: Сравнение моделей
2025-05-01 14:15:04,170 - dashboard - INFO - Переход на страницу: Сравнение моделей
2025-05-01 14:15:04,170 - dashboard - INFO - Переход на страницу: Сравнение моделей
2025-05-01 14:15:04,170 - dashboard - INFO - Переход на страницу: Сравнение моделей
2025-05-01 14:15:04,170 - dashboard - INFO - Переход на страницу: Сравнение моделей
2025-05-01 14:15:04,170 - dashboard - INFO - Переход на страницу: Сравнение моделей
2025-05-01 14:15:04,170 - dashboard - INFO - Переход на страницу: Сравнение моделей
2025-05-01 14:15:04,170 - dashboard - INFO - Переход на страницу: Сравнение моделей
2025-05-01 14:15:04,178 - dashboard - INFO - Создание таблицы сравнения метрик
2025-05-01 14:15:04,178 - dashboard - INFO - Создание таблицы сравнения метрик
2025-05-01 14:15:04,178 - dashboard - INFO - Создание таблицы сравнения метрик
2025-05-01 14:15:04,178 - dashboard - INFO - Создание таблицы сравнения метрик
2025-05-01 14:15:04,178 - dashboard - INFO - Создание таблицы сравнения метрик
2025-05-01 14:15:04,178 - dashboard - INFO - Создание таблицы сравнения метрик
2025-05-01 14:15:04,178 - dashboard - INFO - Создание таблицы сравнения метрик
2025-05-01 14:15:04,178 - dashboard - INFO - Создание таблицы сравнения метрик
2025-05-01 14:15:04,178 - dashboard - INFO - Создание таблицы сравнения метрик
2025-05-01 14:15:04,178 - dashboard - INFO - Создание таблицы сравнения метрик
2025-05-01 14:15:04,178 - dashboard - INFO - Создание таблицы сравнения метрик
2025-05-01 14:15:04,178 - dashboard - INFO - Создание таблицы сравнения метрик
2025-05-01 14:15:04,178 - dashboard - INFO - Создание таблицы сравнения метрик
2025-05-01 14:15:04,178 - dashboard - INFO - Создание таблицы сравнения метрик
2025-05-01 14:15:04,178 - dashboard - INFO - Создание таблицы сравнения метрик
2025-05-01 14:15:04,181 - dashboard - INFO - Создана таблица сравнения с 19 моделями
2025-05-01 14:15:04,181 - dashboard - INFO - Создана таблица сравнения с 19 моделями
2025-05-01 14:15:04,181 - dashboard - INFO - Создана таблица сравнения с 19 моделями
2025-05-01 14:15:04,181 - dashboard - INFO - Создана таблица сравнения с 19 моделями
2025-05-01 14:15:04,181 - dashboard - INFO - Создана таблица сравнения с 19 моделями
2025-05-01 14:15:04,181 - dashboard - INFO - Создана таблица сравнения с 19 моделями
2025-05-01 14:15:04,181 - dashboard - INFO - Создана таблица сравнения с 19 моделями
2025-05-01 14:15:04,181 - dashboard - INFO - Создана таблица сравнения с 19 моделями
2025-05-01 14:15:04,181 - dashboard - INFO - Создана таблица сравнения с 19 моделями
2025-05-01 14:15:04,181 - dashboard - INFO - Создана таблица сравнения с 19 моделями
2025-05-01 14:15:04,181 - dashboard - INFO - Создана таблица сравнения с 19 моделями
2025-05-01 14:15:04,181 - dashboard - INFO - Создана таблица сравнения с 19 моделями
2025-05-01 14:15:04,181 - dashboard - INFO - Создана таблица сравнения с 19 моделями
2025-05-01 14:15:04,181 - dashboard - INFO - Создана таблица сравнения с 19 моделями
2025-05-01 14:15:04,181 - dashboard - INFO - Создана таблица сравнения с 19 моделями
2025-05-01 14:19:04,211 - dashboard - INFO - Дашборд запущен
2025-05-01 14:19:04,211 - dashboard - INFO - Дашборд запущен
2025-05-01 14:19:04,211 - dashboard - INFO - Дашборд запущен
2025-05-01 14:19:04,211 - dashboard - INFO - Дашборд запущен
2025-05-01 14:19:04,211 - dashboard - INFO - Дашборд запущен
2025-05-01 14:19:04,211 - dashboard - INFO - Дашборд запущен
2025-05-01 14:19:04,211 - dashboard - INFO - Дашборд запущен
2025-05-01 14:19:04,211 - dashboard - INFO - Дашборд запущен
2025-05-01 14:19:04,211 - dashboard - INFO - Дашборд запущен
2025-05-01 14:19:04,211 - dashboard - INFO - Дашборд запущен
2025-05-01 14:19:04,211 - dashboard - INFO - Дашборд запущен
2025-05-01 14:19:04,211 - dashboard - INFO - Дашборд запущен
2025-05-01 14:19:04,211 - dashboard - INFO - Дашборд запущен
2025-05-01 14:19:04,211 - dashboard - INFO - Дашборд запущен
2025-05-01 14:19:04,211 - dashboard - INFO - Дашборд запущен
2025-05-01 14:19:04,211 - dashboard - INFO - Дашборд запущен
2025-05-01 14:19:04,216 - dashboard - ERROR - Ошибка при сборе системной информации: No module named 'tensorflow'
2025-05-01 14:19:04,216 - dashboard - ERROR - Ошибка при сборе системной информации: No module named 'tensorflow'
2025-05-01 14:19:04,216 - dashboard - ERROR - Ошибка при сборе системной информации: No module named 'tensorflow'
2025-05-01 14:19:04,216 - dashboard - ERROR - Ошибка при сборе системной информации: No module named 'tensorflow'
2025-05-01 14:19:04,216 - dashboard - ERROR - Ошибка при сборе системной информации: No module named 'tensorflow'
2025-05-01 14:19:04,216 - dashboard - ERROR - Ошибка при сборе системной информации: No module named 'tensorflow'
2025-05-01 14:19:04,216 - dashboard - ERROR - Ошибка при сборе системной информации: No module named 'tensorflow'
2025-05-01 14:19:04,216 - dashboard - ERROR - Ошибка при сборе системной информации: No module named 'tensorflow'
2025-05-01 14:19:04,216 - dashboard - ERROR - Ошибка при сборе системной информации: No module named 'tensorflow'
2025-05-01 14:19:04,216 - dashboard - ERROR - Ошибка при сборе системной информации: No module named 'tensorflow'
2025-05-01 14:19:04,216 - dashboard - ERROR - Ошибка при сборе системной информации: No module named 'tensorflow'
2025-05-01 14:19:04,216 - dashboard - ERROR - Ошибка при сборе системной информации: No module named 'tensorflow'
2025-05-01 14:19:04,216 - dashboard - ERROR - Ошибка при сборе системной информации: No module named 'tensorflow'
2025-05-01 14:19:04,216 - dashboard - ERROR - Ошибка при сборе системной информации: No module named 'tensorflow'
2025-05-01 14:19:04,216 - dashboard - ERROR - Ошибка при сборе системной информации: No module named 'tensorflow'
2025-05-01 14:19:04,216 - dashboard - ERROR - Ошибка при сборе системной информации: No module named 'tensorflow'
2025-05-01 14:19:04,218 - dashboard - ERROR - Traceback (most recent call last):
  File "D:\.Ucheba\ВКР\Project E\Project-E\for_docker\visualization\dashboard.py", line 172, in log_system_info
    import tensorflow as tf
ModuleNotFoundError: No module named 'tensorflow'

2025-05-01 14:19:04,218 - dashboard - ERROR - Traceback (most recent call last):
  File "D:\.Ucheba\ВКР\Project E\Project-E\for_docker\visualization\dashboard.py", line 172, in log_system_info
    import tensorflow as tf
ModuleNotFoundError: No module named 'tensorflow'

2025-05-01 14:19:04,218 - dashboard - ERROR - Traceback (most recent call last):
  File "D:\.Ucheba\ВКР\Project E\Project-E\for_docker\visualization\dashboard.py", line 172, in log_system_info
    import tensorflow as tf
ModuleNotFoundError: No module named 'tensorflow'

2025-05-01 14:19:04,218 - dashboard - ERROR - Traceback (most recent call last):
  File "D:\.Ucheba\ВКР\Project E\Project-E\for_docker\visualization\dashboard.py", line 172, in log_system_info
    import tensorflow as tf
ModuleNotFoundError: No module named 'tensorflow'

2025-05-01 14:19:04,218 - dashboard - ERROR - Traceback (most recent call last):
  File "D:\.Ucheba\ВКР\Project E\Project-E\for_docker\visualization\dashboard.py", line 172, in log_system_info
    import tensorflow as tf
ModuleNotFoundError: No module named 'tensorflow'

2025-05-01 14:19:04,218 - dashboard - ERROR - Traceback (most recent call last):
  File "D:\.Ucheba\ВКР\Project E\Project-E\for_docker\visualization\dashboard.py", line 172, in log_system_info
    import tensorflow as tf
ModuleNotFoundError: No module named 'tensorflow'

2025-05-01 14:19:04,218 - dashboard - ERROR - Traceback (most recent call last):
  File "D:\.Ucheba\ВКР\Project E\Project-E\for_docker\visualization\dashboard.py", line 172, in log_system_info
    import tensorflow as tf
ModuleNotFoundError: No module named 'tensorflow'

2025-05-01 14:19:04,218 - dashboard - ERROR - Traceback (most recent call last):
  File "D:\.Ucheba\ВКР\Project E\Project-E\for_docker\visualization\dashboard.py", line 172, in log_system_info
    import tensorflow as tf
ModuleNotFoundError: No module named 'tensorflow'

2025-05-01 14:19:04,218 - dashboard - ERROR - Traceback (most recent call last):
  File "D:\.Ucheba\ВКР\Project E\Project-E\for_docker\visualization\dashboard.py", line 172, in log_system_info
    import tensorflow as tf
ModuleNotFoundError: No module named 'tensorflow'

2025-05-01 14:19:04,218 - dashboard - ERROR - Traceback (most recent call last):
  File "D:\.Ucheba\ВКР\Project E\Project-E\for_docker\visualization\dashboard.py", line 172, in log_system_info
    import tensorflow as tf
ModuleNotFoundError: No module named 'tensorflow'

2025-05-01 14:19:04,218 - dashboard - ERROR - Traceback (most recent call last):
  File "D:\.Ucheba\ВКР\Project E\Project-E\for_docker\visualization\dashboard.py", line 172, in log_system_info
    import tensorflow as tf
ModuleNotFoundError: No module named 'tensorflow'

2025-05-01 14:19:04,218 - dashboard - ERROR - Traceback (most recent call last):
  File "D:\.Ucheba\ВКР\Project E\Project-E\for_docker\visualization\dashboard.py", line 172, in log_system_info
    import tensorflow as tf
ModuleNotFoundError: No module named 'tensorflow'

2025-05-01 14:19:04,218 - dashboard - ERROR - Traceback (most recent call last):
  File "D:\.Ucheba\ВКР\Project E\Project-E\for_docker\visualization\dashboard.py", line 172, in log_system_info
    import tensorflow as tf
ModuleNotFoundError: No module named 'tensorflow'

2025-05-01 14:19:04,218 - dashboard - ERROR - Traceback (most recent call last):
  File "D:\.Ucheba\ВКР\Project E\Project-E\for_docker\visualization\dashboard.py", line 172, in log_system_info
    import tensorflow as tf
ModuleNotFoundError: No module named 'tensorflow'

2025-05-01 14:19:04,218 - dashboard - ERROR - Traceback (most recent call last):
  File "D:\.Ucheba\ВКР\Project E\Project-E\for_docker\visualization\dashboard.py", line 172, in log_system_info
    import tensorflow as tf
ModuleNotFoundError: No module named 'tensorflow'

2025-05-01 14:19:04,218 - dashboard - ERROR - Traceback (most recent call last):
  File "D:\.Ucheba\ВКР\Project E\Project-E\for_docker\visualization\dashboard.py", line 172, in log_system_info
    import tensorflow as tf
ModuleNotFoundError: No module named 'tensorflow'

2025-05-01 14:19:04,219 - dashboard - INFO - Запуск основной функции дашборда
2025-05-01 14:19:04,219 - dashboard - INFO - Запуск основной функции дашборда
2025-05-01 14:19:04,219 - dashboard - INFO - Запуск основной функции дашборда
2025-05-01 14:19:04,219 - dashboard - INFO - Запуск основной функции дашборда
2025-05-01 14:19:04,219 - dashboard - INFO - Запуск основной функции дашборда
2025-05-01 14:19:04,219 - dashboard - INFO - Запуск основной функции дашборда
2025-05-01 14:19:04,219 - dashboard - INFO - Запуск основной функции дашборда
2025-05-01 14:19:04,219 - dashboard - INFO - Запуск основной функции дашборда
2025-05-01 14:19:04,219 - dashboard - INFO - Запуск основной функции дашборда
2025-05-01 14:19:04,219 - dashboard - INFO - Запуск основной функции дашборда
2025-05-01 14:19:04,219 - dashboard - INFO - Запуск основной функции дашборда
2025-05-01 14:19:04,219 - dashboard - INFO - Запуск основной функции дашборда
2025-05-01 14:19:04,219 - dashboard - INFO - Запуск основной функции дашборда
2025-05-01 14:19:04,219 - dashboard - INFO - Запуск основной функции дашборда
2025-05-01 14:19:04,219 - dashboard - INFO - Запуск основной функции дашборда
2025-05-01 14:19:04,219 - dashboard - INFO - Запуск основной функции дашборда
2025-05-01 14:19:04,225 - dashboard - INFO - Загрузка историй моделей из директории: ..\model_save_preset
2025-05-01 14:19:04,225 - dashboard - INFO - Загрузка историй моделей из директории: ..\model_save_preset
2025-05-01 14:19:04,225 - dashboard - INFO - Загрузка историй моделей из директории: ..\model_save_preset
2025-05-01 14:19:04,225 - dashboard - INFO - Загрузка историй моделей из директории: ..\model_save_preset
2025-05-01 14:19:04,225 - dashboard - INFO - Загрузка историй моделей из директории: ..\model_save_preset
2025-05-01 14:19:04,225 - dashboard - INFO - Загрузка историй моделей из директории: ..\model_save_preset
2025-05-01 14:19:04,225 - dashboard - INFO - Загрузка историй моделей из директории: ..\model_save_preset
2025-05-01 14:19:04,225 - dashboard - INFO - Загрузка историй моделей из директории: ..\model_save_preset
2025-05-01 14:19:04,225 - dashboard - INFO - Загрузка историй моделей из директории: ..\model_save_preset
2025-05-01 14:19:04,225 - dashboard - INFO - Загрузка историй моделей из директории: ..\model_save_preset
2025-05-01 14:19:04,225 - dashboard - INFO - Загрузка историй моделей из директории: ..\model_save_preset
2025-05-01 14:19:04,225 - dashboard - INFO - Загрузка историй моделей из директории: ..\model_save_preset
2025-05-01 14:19:04,225 - dashboard - INFO - Загрузка историй моделей из директории: ..\model_save_preset
2025-05-01 14:19:04,225 - dashboard - INFO - Загрузка историй моделей из директории: ..\model_save_preset
2025-05-01 14:19:04,225 - dashboard - INFO - Загрузка историй моделей из директории: ..\model_save_preset
2025-05-01 14:19:04,225 - dashboard - INFO - Загрузка историй моделей из директории: ..\model_save_preset
2025-05-01 14:19:04,229 - dashboard - INFO - Загружено 3 моделей из 1 групп
2025-05-01 14:19:04,229 - dashboard - INFO - Загружено 3 моделей из 1 групп
2025-05-01 14:19:04,229 - dashboard - INFO - Загружено 3 моделей из 1 групп
2025-05-01 14:19:04,229 - dashboard - INFO - Загружено 3 моделей из 1 групп
2025-05-01 14:19:04,229 - dashboard - INFO - Загружено 3 моделей из 1 групп
2025-05-01 14:19:04,229 - dashboard - INFO - Загружено 3 моделей из 1 групп
2025-05-01 14:19:04,229 - dashboard - INFO - Загружено 3 моделей из 1 групп
2025-05-01 14:19:04,229 - dashboard - INFO - Загружено 3 моделей из 1 групп
2025-05-01 14:19:04,229 - dashboard - INFO - Загружено 3 моделей из 1 групп
2025-05-01 14:19:04,229 - dashboard - INFO - Загружено 3 моделей из 1 групп
2025-05-01 14:19:04,229 - dashboard - INFO - Загружено 3 моделей из 1 групп
2025-05-01 14:19:04,229 - dashboard - INFO - Загружено 3 моделей из 1 групп
2025-05-01 14:19:04,229 - dashboard - INFO - Загружено 3 моделей из 1 групп
2025-05-01 14:19:04,229 - dashboard - INFO - Загружено 3 моделей из 1 групп
2025-05-01 14:19:04,229 - dashboard - INFO - Загружено 3 моделей из 1 групп
2025-05-01 14:19:04,229 - dashboard - INFO - Загружено 3 моделей из 1 групп
2025-05-01 14:19:04,231 - dashboard - INFO - Переход на страницу: Обзор моделей
2025-05-01 14:19:04,231 - dashboard - INFO - Переход на страницу: Обзор моделей
2025-05-01 14:19:04,231 - dashboard - INFO - Переход на страницу: Обзор моделей
2025-05-01 14:19:04,231 - dashboard - INFO - Переход на страницу: Обзор моделей
2025-05-01 14:19:04,231 - dashboard - INFO - Переход на страницу: Обзор моделей
2025-05-01 14:19:04,231 - dashboard - INFO - Переход на страницу: Обзор моделей
2025-05-01 14:19:04,231 - dashboard - INFO - Переход на страницу: Обзор моделей
2025-05-01 14:19:04,231 - dashboard - INFO - Переход на страницу: Обзор моделей
2025-05-01 14:19:04,231 - dashboard - INFO - Переход на страницу: Обзор моделей
2025-05-01 14:19:04,231 - dashboard - INFO - Переход на страницу: Обзор моделей
2025-05-01 14:19:04,231 - dashboard - INFO - Переход на страницу: Обзор моделей
2025-05-01 14:19:04,231 - dashboard - INFO - Переход на страницу: Обзор моделей
2025-05-01 14:19:04,231 - dashboard - INFO - Переход на страницу: Обзор моделей
2025-05-01 14:19:04,231 - dashboard - INFO - Переход на страницу: Обзор моделей
2025-05-01 14:19:04,231 - dashboard - INFO - Переход на страницу: Обзор моделей
2025-05-01 14:19:04,231 - dashboard - INFO - Переход на страницу: Обзор моделей
2025-05-01 14:19:04,241 - dashboard - INFO - Создание таблицы сравнения метрик
2025-05-01 14:19:04,241 - dashboard - INFO - Создание таблицы сравнения метрик
2025-05-01 14:19:04,241 - dashboard - INFO - Создание таблицы сравнения метрик
2025-05-01 14:19:04,241 - dashboard - INFO - Создание таблицы сравнения метрик
2025-05-01 14:19:04,241 - dashboard - INFO - Создание таблицы сравнения метрик
2025-05-01 14:19:04,241 - dashboard - INFO - Создание таблицы сравнения метрик
2025-05-01 14:19:04,241 - dashboard - INFO - Создание таблицы сравнения метрик
2025-05-01 14:19:04,241 - dashboard - INFO - Создание таблицы сравнения метрик
2025-05-01 14:19:04,241 - dashboard - INFO - Создание таблицы сравнения метрик
2025-05-01 14:19:04,241 - dashboard - INFO - Создание таблицы сравнения метрик
2025-05-01 14:19:04,241 - dashboard - INFO - Создание таблицы сравнения метрик
2025-05-01 14:19:04,241 - dashboard - INFO - Создание таблицы сравнения метрик
2025-05-01 14:19:04,241 - dashboard - INFO - Создание таблицы сравнения метрик
2025-05-01 14:19:04,241 - dashboard - INFO - Создание таблицы сравнения метрик
2025-05-01 14:19:04,241 - dashboard - INFO - Создание таблицы сравнения метрик
2025-05-01 14:19:04,241 - dashboard - INFO - Создание таблицы сравнения метрик
2025-05-01 14:19:04,244 - dashboard - INFO - Создана таблица сравнения с 3 моделями
2025-05-01 14:19:04,244 - dashboard - INFO - Создана таблица сравнения с 3 моделями
2025-05-01 14:19:04,244 - dashboard - INFO - Создана таблица сравнения с 3 моделями
2025-05-01 14:19:04,244 - dashboard - INFO - Создана таблица сравнения с 3 моделями
2025-05-01 14:19:04,244 - dashboard - INFO - Создана таблица сравнения с 3 моделями
2025-05-01 14:19:04,244 - dashboard - INFO - Создана таблица сравнения с 3 моделями
2025-05-01 14:19:04,244 - dashboard - INFO - Создана таблица сравнения с 3 моделями
2025-05-01 14:19:04,244 - dashboard - INFO - Создана таблица сравнения с 3 моделями
2025-05-01 14:19:04,244 - dashboard - INFO - Создана таблица сравнения с 3 моделями
2025-05-01 14:19:04,244 - dashboard - INFO - Создана таблица сравнения с 3 моделями
2025-05-01 14:19:04,244 - dashboard - INFO - Создана таблица сравнения с 3 моделями
2025-05-01 14:19:04,244 - dashboard - INFO - Создана таблица сравнения с 3 моделями
2025-05-01 14:19:04,244 - dashboard - INFO - Создана таблица сравнения с 3 моделями
2025-05-01 14:19:04,244 - dashboard - INFO - Создана таблица сравнения с 3 моделями
2025-05-01 14:19:04,244 - dashboard - INFO - Создана таблица сравнения с 3 моделями
2025-05-01 14:19:04,244 - dashboard - INFO - Создана таблица сравнения с 3 моделями
2025-05-01 14:23:50,494 - dashboard - INFO - Дашборд запущен
2025-05-01 14:23:50,494 - dashboard - INFO - Дашборд запущен
2025-05-01 14:23:50,494 - dashboard - INFO - Дашборд запущен
2025-05-01 14:23:50,494 - dashboard - INFO - Дашборд запущен
2025-05-01 14:23:50,494 - dashboard - INFO - Дашборд запущен
2025-05-01 14:23:50,494 - dashboard - INFO - Дашборд запущен
2025-05-01 14:23:50,494 - dashboard - INFO - Дашборд запущен
2025-05-01 14:23:50,494 - dashboard - INFO - Дашборд запущен
2025-05-01 14:23:50,494 - dashboard - INFO - Дашборд запущен
2025-05-01 14:23:50,494 - dashboard - INFO - Дашборд запущен
2025-05-01 14:23:50,494 - dashboard - INFO - Дашборд запущен
2025-05-01 14:23:50,494 - dashboard - INFO - Дашборд запущен
2025-05-01 14:23:50,494 - dashboard - INFO - Дашборд запущен
2025-05-01 14:23:50,494 - dashboard - INFO - Дашборд запущен
2025-05-01 14:23:50,494 - dashboard - INFO - Дашборд запущен
2025-05-01 14:23:50,494 - dashboard - INFO - Дашборд запущен
2025-05-01 14:23:50,494 - dashboard - INFO - Дашборд запущен
2025-05-01 14:23:50,501 - dashboard - ERROR - Ошибка при сборе системной информации: No module named 'tensorflow'
2025-05-01 14:23:50,501 - dashboard - ERROR - Ошибка при сборе системной информации: No module named 'tensorflow'
2025-05-01 14:23:50,501 - dashboard - ERROR - Ошибка при сборе системной информации: No module named 'tensorflow'
2025-05-01 14:23:50,501 - dashboard - ERROR - Ошибка при сборе системной информации: No module named 'tensorflow'
2025-05-01 14:23:50,501 - dashboard - ERROR - Ошибка при сборе системной информации: No module named 'tensorflow'
2025-05-01 14:23:50,501 - dashboard - ERROR - Ошибка при сборе системной информации: No module named 'tensorflow'
2025-05-01 14:23:50,501 - dashboard - ERROR - Ошибка при сборе системной информации: No module named 'tensorflow'
2025-05-01 14:23:50,501 - dashboard - ERROR - Ошибка при сборе системной информации: No module named 'tensorflow'
2025-05-01 14:23:50,501 - dashboard - ERROR - Ошибка при сборе системной информации: No module named 'tensorflow'
2025-05-01 14:23:50,501 - dashboard - ERROR - Ошибка при сборе системной информации: No module named 'tensorflow'
2025-05-01 14:23:50,501 - dashboard - ERROR - Ошибка при сборе системной информации: No module named 'tensorflow'
2025-05-01 14:23:50,501 - dashboard - ERROR - Ошибка при сборе системной информации: No module named 'tensorflow'
2025-05-01 14:23:50,501 - dashboard - ERROR - Ошибка при сборе системной информации: No module named 'tensorflow'
2025-05-01 14:23:50,501 - dashboard - ERROR - Ошибка при сборе системной информации: No module named 'tensorflow'
2025-05-01 14:23:50,501 - dashboard - ERROR - Ошибка при сборе системной информации: No module named 'tensorflow'
2025-05-01 14:23:50,501 - dashboard - ERROR - Ошибка при сборе системной информации: No module named 'tensorflow'
2025-05-01 14:23:50,501 - dashboard - ERROR - Ошибка при сборе системной информации: No module named 'tensorflow'
2025-05-01 14:23:50,504 - dashboard - ERROR - Traceback (most recent call last):
  File "D:\.Ucheba\ВКР\Project E\Project-E\for_docker\visualization\dashboard.py", line 172, in log_system_info
    import tensorflow as tf
ModuleNotFoundError: No module named 'tensorflow'

2025-05-01 14:23:50,504 - dashboard - ERROR - Traceback (most recent call last):
  File "D:\.Ucheba\ВКР\Project E\Project-E\for_docker\visualization\dashboard.py", line 172, in log_system_info
    import tensorflow as tf
ModuleNotFoundError: No module named 'tensorflow'

2025-05-01 14:23:50,504 - dashboard - ERROR - Traceback (most recent call last):
  File "D:\.Ucheba\ВКР\Project E\Project-E\for_docker\visualization\dashboard.py", line 172, in log_system_info
    import tensorflow as tf
ModuleNotFoundError: No module named 'tensorflow'

2025-05-01 14:23:50,504 - dashboard - ERROR - Traceback (most recent call last):
  File "D:\.Ucheba\ВКР\Project E\Project-E\for_docker\visualization\dashboard.py", line 172, in log_system_info
    import tensorflow as tf
ModuleNotFoundError: No module named 'tensorflow'

2025-05-01 14:23:50,504 - dashboard - ERROR - Traceback (most recent call last):
  File "D:\.Ucheba\ВКР\Project E\Project-E\for_docker\visualization\dashboard.py", line 172, in log_system_info
    import tensorflow as tf
ModuleNotFoundError: No module named 'tensorflow'

2025-05-01 14:23:50,504 - dashboard - ERROR - Traceback (most recent call last):
  File "D:\.Ucheba\ВКР\Project E\Project-E\for_docker\visualization\dashboard.py", line 172, in log_system_info
    import tensorflow as tf
ModuleNotFoundError: No module named 'tensorflow'

2025-05-01 14:23:50,504 - dashboard - ERROR - Traceback (most recent call last):
  File "D:\.Ucheba\ВКР\Project E\Project-E\for_docker\visualization\dashboard.py", line 172, in log_system_info
    import tensorflow as tf
ModuleNotFoundError: No module named 'tensorflow'

2025-05-01 14:23:50,504 - dashboard - ERROR - Traceback (most recent call last):
  File "D:\.Ucheba\ВКР\Project E\Project-E\for_docker\visualization\dashboard.py", line 172, in log_system_info
    import tensorflow as tf
ModuleNotFoundError: No module named 'tensorflow'

2025-05-01 14:23:50,504 - dashboard - ERROR - Traceback (most recent call last):
  File "D:\.Ucheba\ВКР\Project E\Project-E\for_docker\visualization\dashboard.py", line 172, in log_system_info
    import tensorflow as tf
ModuleNotFoundError: No module named 'tensorflow'

2025-05-01 14:23:50,504 - dashboard - ERROR - Traceback (most recent call last):
  File "D:\.Ucheba\ВКР\Project E\Project-E\for_docker\visualization\dashboard.py", line 172, in log_system_info
    import tensorflow as tf
ModuleNotFoundError: No module named 'tensorflow'

2025-05-01 14:23:50,504 - dashboard - ERROR - Traceback (most recent call last):
  File "D:\.Ucheba\ВКР\Project E\Project-E\for_docker\visualization\dashboard.py", line 172, in log_system_info
    import tensorflow as tf
ModuleNotFoundError: No module named 'tensorflow'

2025-05-01 14:23:50,504 - dashboard - ERROR - Traceback (most recent call last):
  File "D:\.Ucheba\ВКР\Project E\Project-E\for_docker\visualization\dashboard.py", line 172, in log_system_info
    import tensorflow as tf
ModuleNotFoundError: No module named 'tensorflow'

2025-05-01 14:23:50,504 - dashboard - ERROR - Traceback (most recent call last):
  File "D:\.Ucheba\ВКР\Project E\Project-E\for_docker\visualization\dashboard.py", line 172, in log_system_info
    import tensorflow as tf
ModuleNotFoundError: No module named 'tensorflow'

2025-05-01 14:23:50,504 - dashboard - ERROR - Traceback (most recent call last):
  File "D:\.Ucheba\ВКР\Project E\Project-E\for_docker\visualization\dashboard.py", line 172, in log_system_info
    import tensorflow as tf
ModuleNotFoundError: No module named 'tensorflow'

2025-05-01 14:23:50,504 - dashboard - ERROR - Traceback (most recent call last):
  File "D:\.Ucheba\ВКР\Project E\Project-E\for_docker\visualization\dashboard.py", line 172, in log_system_info
    import tensorflow as tf
ModuleNotFoundError: No module named 'tensorflow'

2025-05-01 14:23:50,504 - dashboard - ERROR - Traceback (most recent call last):
  File "D:\.Ucheba\ВКР\Project E\Project-E\for_docker\visualization\dashboard.py", line 172, in log_system_info
    import tensorflow as tf
ModuleNotFoundError: No module named 'tensorflow'

2025-05-01 14:23:50,504 - dashboard - ERROR - Traceback (most recent call last):
  File "D:\.Ucheba\ВКР\Project E\Project-E\for_docker\visualization\dashboard.py", line 172, in log_system_info
    import tensorflow as tf
ModuleNotFoundError: No module named 'tensorflow'

2025-05-01 14:23:50,505 - dashboard - INFO - Запуск основной функции дашборда
2025-05-01 14:23:50,505 - dashboard - INFO - Запуск основной функции дашборда
2025-05-01 14:23:50,505 - dashboard - INFO - Запуск основной функции дашборда
2025-05-01 14:23:50,505 - dashboard - INFO - Запуск основной функции дашборда
2025-05-01 14:23:50,505 - dashboard - INFO - Запуск основной функции дашборда
2025-05-01 14:23:50,505 - dashboard - INFO - Запуск основной функции дашборда
2025-05-01 14:23:50,505 - dashboard - INFO - Запуск основной функции дашборда
2025-05-01 14:23:50,505 - dashboard - INFO - Запуск основной функции дашборда
2025-05-01 14:23:50,505 - dashboard - INFO - Запуск основной функции дашборда
2025-05-01 14:23:50,505 - dashboard - INFO - Запуск основной функции дашборда
2025-05-01 14:23:50,505 - dashboard - INFO - Запуск основной функции дашборда
2025-05-01 14:23:50,505 - dashboard - INFO - Запуск основной функции дашборда
2025-05-01 14:23:50,505 - dashboard - INFO - Запуск основной функции дашборда
2025-05-01 14:23:50,505 - dashboard - INFO - Запуск основной функции дашборда
2025-05-01 14:23:50,505 - dashboard - INFO - Запуск основной функции дашборда
2025-05-01 14:23:50,505 - dashboard - INFO - Запуск основной функции дашборда
2025-05-01 14:23:50,505 - dashboard - INFO - Запуск основной функции дашборда
2025-05-01 14:23:50,509 - dashboard - INFO - Загрузка историй моделей из директории: ..\model_save_preset
2025-05-01 14:23:50,509 - dashboard - INFO - Загрузка историй моделей из директории: ..\model_save_preset
2025-05-01 14:23:50,509 - dashboard - INFO - Загрузка историй моделей из директории: ..\model_save_preset
2025-05-01 14:23:50,509 - dashboard - INFO - Загрузка историй моделей из директории: ..\model_save_preset
2025-05-01 14:23:50,509 - dashboard - INFO - Загрузка историй моделей из директории: ..\model_save_preset
2025-05-01 14:23:50,509 - dashboard - INFO - Загрузка историй моделей из директории: ..\model_save_preset
2025-05-01 14:23:50,509 - dashboard - INFO - Загрузка историй моделей из директории: ..\model_save_preset
2025-05-01 14:23:50,509 - dashboard - INFO - Загрузка историй моделей из директории: ..\model_save_preset
2025-05-01 14:23:50,509 - dashboard - INFO - Загрузка историй моделей из директории: ..\model_save_preset
2025-05-01 14:23:50,509 - dashboard - INFO - Загрузка историй моделей из директории: ..\model_save_preset
2025-05-01 14:23:50,509 - dashboard - INFO - Загрузка историй моделей из директории: ..\model_save_preset
2025-05-01 14:23:50,509 - dashboard - INFO - Загрузка историй моделей из директории: ..\model_save_preset
2025-05-01 14:23:50,509 - dashboard - INFO - Загрузка историй моделей из директории: ..\model_save_preset
2025-05-01 14:23:50,509 - dashboard - INFO - Загрузка историй моделей из директории: ..\model_save_preset
2025-05-01 14:23:50,509 - dashboard - INFO - Загрузка историй моделей из директории: ..\model_save_preset
2025-05-01 14:23:50,509 - dashboard - INFO - Загрузка историй моделей из директории: ..\model_save_preset
2025-05-01 14:23:50,509 - dashboard - INFO - Загрузка историй моделей из директории: ..\model_save_preset
2025-05-01 14:23:50,559 - dashboard - INFO - Загружено 18 моделей из 4 групп
2025-05-01 14:23:50,559 - dashboard - INFO - Загружено 18 моделей из 4 групп
2025-05-01 14:23:50,559 - dashboard - INFO - Загружено 18 моделей из 4 групп
2025-05-01 14:23:50,559 - dashboard - INFO - Загружено 18 моделей из 4 групп
2025-05-01 14:23:50,559 - dashboard - INFO - Загружено 18 моделей из 4 групп
2025-05-01 14:23:50,559 - dashboard - INFO - Загружено 18 моделей из 4 групп
2025-05-01 14:23:50,559 - dashboard - INFO - Загружено 18 моделей из 4 групп
2025-05-01 14:23:50,559 - dashboard - INFO - Загружено 18 моделей из 4 групп
2025-05-01 14:23:50,559 - dashboard - INFO - Загружено 18 моделей из 4 групп
2025-05-01 14:23:50,559 - dashboard - INFO - Загружено 18 моделей из 4 групп
2025-05-01 14:23:50,559 - dashboard - INFO - Загружено 18 моделей из 4 групп
2025-05-01 14:23:50,559 - dashboard - INFO - Загружено 18 моделей из 4 групп
2025-05-01 14:23:50,559 - dashboard - INFO - Загружено 18 моделей из 4 групп
2025-05-01 14:23:50,559 - dashboard - INFO - Загружено 18 моделей из 4 групп
2025-05-01 14:23:50,559 - dashboard - INFO - Загружено 18 моделей из 4 групп
2025-05-01 14:23:50,559 - dashboard - INFO - Загружено 18 моделей из 4 групп
2025-05-01 14:23:50,559 - dashboard - INFO - Загружено 18 моделей из 4 групп
2025-05-01 14:23:50,562 - dashboard - INFO - Переход на страницу: Обзор моделей
2025-05-01 14:23:50,562 - dashboard - INFO - Переход на страницу: Обзор моделей
2025-05-01 14:23:50,562 - dashboard - INFO - Переход на страницу: Обзор моделей
2025-05-01 14:23:50,562 - dashboard - INFO - Переход на страницу: Обзор моделей
2025-05-01 14:23:50,562 - dashboard - INFO - Переход на страницу: Обзор моделей
2025-05-01 14:23:50,562 - dashboard - INFO - Переход на страницу: Обзор моделей
2025-05-01 14:23:50,562 - dashboard - INFO - Переход на страницу: Обзор моделей
2025-05-01 14:23:50,562 - dashboard - INFO - Переход на страницу: Обзор моделей
2025-05-01 14:23:50,562 - dashboard - INFO - Переход на страницу: Обзор моделей
2025-05-01 14:23:50,562 - dashboard - INFO - Переход на страницу: Обзор моделей
2025-05-01 14:23:50,562 - dashboard - INFO - Переход на страницу: Обзор моделей
2025-05-01 14:23:50,562 - dashboard - INFO - Переход на страницу: Обзор моделей
2025-05-01 14:23:50,562 - dashboard - INFO - Переход на страницу: Обзор моделей
2025-05-01 14:23:50,562 - dashboard - INFO - Переход на страницу: Обзор моделей
2025-05-01 14:23:50,562 - dashboard - INFO - Переход на страницу: Обзор моделей
2025-05-01 14:23:50,562 - dashboard - INFO - Переход на страницу: Обзор моделей
2025-05-01 14:23:50,562 - dashboard - INFO - Переход на страницу: Обзор моделей
2025-05-01 14:23:50,568 - dashboard - INFO - Создание таблицы сравнения метрик
2025-05-01 14:23:50,568 - dashboard - INFO - Создание таблицы сравнения метрик
2025-05-01 14:23:50,568 - dashboard - INFO - Создание таблицы сравнения метрик
2025-05-01 14:23:50,568 - dashboard - INFO - Создание таблицы сравнения метрик
2025-05-01 14:23:50,568 - dashboard - INFO - Создание таблицы сравнения метрик
2025-05-01 14:23:50,568 - dashboard - INFO - Создание таблицы сравнения метрик
2025-05-01 14:23:50,568 - dashboard - INFO - Создание таблицы сравнения метрик
2025-05-01 14:23:50,568 - dashboard - INFO - Создание таблицы сравнения метрик
2025-05-01 14:23:50,568 - dashboard - INFO - Создание таблицы сравнения метрик
2025-05-01 14:23:50,568 - dashboard - INFO - Создание таблицы сравнения метрик
2025-05-01 14:23:50,568 - dashboard - INFO - Создание таблицы сравнения метрик
2025-05-01 14:23:50,568 - dashboard - INFO - Создание таблицы сравнения метрик
2025-05-01 14:23:50,568 - dashboard - INFO - Создание таблицы сравнения метрик
2025-05-01 14:23:50,568 - dashboard - INFO - Создание таблицы сравнения метрик
2025-05-01 14:23:50,568 - dashboard - INFO - Создание таблицы сравнения метрик
2025-05-01 14:23:50,568 - dashboard - INFO - Создание таблицы сравнения метрик
2025-05-01 14:23:50,568 - dashboard - INFO - Создание таблицы сравнения метрик
2025-05-01 14:23:50,573 - dashboard - INFO - Создана таблица сравнения с 18 моделями
2025-05-01 14:23:50,573 - dashboard - INFO - Создана таблица сравнения с 18 моделями
2025-05-01 14:23:50,573 - dashboard - INFO - Создана таблица сравнения с 18 моделями
2025-05-01 14:23:50,573 - dashboard - INFO - Создана таблица сравнения с 18 моделями
2025-05-01 14:23:50,573 - dashboard - INFO - Создана таблица сравнения с 18 моделями
2025-05-01 14:23:50,573 - dashboard - INFO - Создана таблица сравнения с 18 моделями
2025-05-01 14:23:50,573 - dashboard - INFO - Создана таблица сравнения с 18 моделями
2025-05-01 14:23:50,573 - dashboard - INFO - Создана таблица сравнения с 18 моделями
2025-05-01 14:23:50,573 - dashboard - INFO - Создана таблица сравнения с 18 моделями
2025-05-01 14:23:50,573 - dashboard - INFO - Создана таблица сравнения с 18 моделями
2025-05-01 14:23:50,573 - dashboard - INFO - Создана таблица сравнения с 18 моделями
2025-05-01 14:23:50,573 - dashboard - INFO - Создана таблица сравнения с 18 моделями
2025-05-01 14:23:50,573 - dashboard - INFO - Создана таблица сравнения с 18 моделями
2025-05-01 14:23:50,573 - dashboard - INFO - Создана таблица сравнения с 18 моделями
2025-05-01 14:23:50,573 - dashboard - INFO - Создана таблица сравнения с 18 моделями
2025-05-01 14:23:50,573 - dashboard - INFO - Создана таблица сравнения с 18 моделями
2025-05-01 14:23:50,573 - dashboard - INFO - Создана таблица сравнения с 18 моделями
2025-05-01 14:24:11,693 - dashboard - INFO - Дашборд запущен
2025-05-01 14:24:11,693 - dashboard - INFO - Дашборд запущен
2025-05-01 14:24:11,693 - dashboard - INFO - Дашборд запущен
2025-05-01 14:24:11,693 - dashboard - INFO - Дашборд запущен
2025-05-01 14:24:11,693 - dashboard - INFO - Дашборд запущен
2025-05-01 14:24:11,693 - dashboard - INFO - Дашборд запущен
2025-05-01 14:24:11,693 - dashboard - INFO - Дашборд запущен
2025-05-01 14:24:11,693 - dashboard - INFO - Дашборд запущен
2025-05-01 14:24:11,693 - dashboard - INFO - Дашборд запущен
2025-05-01 14:24:11,693 - dashboard - INFO - Дашборд запущен
2025-05-01 14:24:11,693 - dashboard - INFO - Дашборд запущен
2025-05-01 14:24:11,693 - dashboard - INFO - Дашборд запущен
2025-05-01 14:24:11,693 - dashboard - INFO - Дашборд запущен
2025-05-01 14:24:11,693 - dashboard - INFO - Дашборд запущен
2025-05-01 14:24:11,693 - dashboard - INFO - Дашборд запущен
2025-05-01 14:24:11,693 - dashboard - INFO - Дашборд запущен
2025-05-01 14:24:11,693 - dashboard - INFO - Дашборд запущен
2025-05-01 14:24:11,693 - dashboard - INFO - Дашборд запущен
2025-05-01 14:24:11,700 - dashboard - ERROR - Ошибка при сборе системной информации: No module named 'tensorflow'
2025-05-01 14:24:11,700 - dashboard - ERROR - Ошибка при сборе системной информации: No module named 'tensorflow'
2025-05-01 14:24:11,700 - dashboard - ERROR - Ошибка при сборе системной информации: No module named 'tensorflow'
2025-05-01 14:24:11,700 - dashboard - ERROR - Ошибка при сборе системной информации: No module named 'tensorflow'
2025-05-01 14:24:11,700 - dashboard - ERROR - Ошибка при сборе системной информации: No module named 'tensorflow'
2025-05-01 14:24:11,700 - dashboard - ERROR - Ошибка при сборе системной информации: No module named 'tensorflow'
2025-05-01 14:24:11,700 - dashboard - ERROR - Ошибка при сборе системной информации: No module named 'tensorflow'
2025-05-01 14:24:11,700 - dashboard - ERROR - Ошибка при сборе системной информации: No module named 'tensorflow'
2025-05-01 14:24:11,700 - dashboard - ERROR - Ошибка при сборе системной информации: No module named 'tensorflow'
2025-05-01 14:24:11,700 - dashboard - ERROR - Ошибка при сборе системной информации: No module named 'tensorflow'
2025-05-01 14:24:11,700 - dashboard - ERROR - Ошибка при сборе системной информации: No module named 'tensorflow'
2025-05-01 14:24:11,700 - dashboard - ERROR - Ошибка при сборе системной информации: No module named 'tensorflow'
2025-05-01 14:24:11,700 - dashboard - ERROR - Ошибка при сборе системной информации: No module named 'tensorflow'
2025-05-01 14:24:11,700 - dashboard - ERROR - Ошибка при сборе системной информации: No module named 'tensorflow'
2025-05-01 14:24:11,700 - dashboard - ERROR - Ошибка при сборе системной информации: No module named 'tensorflow'
2025-05-01 14:24:11,700 - dashboard - ERROR - Ошибка при сборе системной информации: No module named 'tensorflow'
2025-05-01 14:24:11,700 - dashboard - ERROR - Ошибка при сборе системной информации: No module named 'tensorflow'
2025-05-01 14:24:11,700 - dashboard - ERROR - Ошибка при сборе системной информации: No module named 'tensorflow'
2025-05-01 14:24:11,702 - dashboard - ERROR - Traceback (most recent call last):
  File "D:\.Ucheba\ВКР\Project E\Project-E\for_docker\visualization\dashboard.py", line 172, in log_system_info
    import tensorflow as tf
ModuleNotFoundError: No module named 'tensorflow'

2025-05-01 14:24:11,702 - dashboard - ERROR - Traceback (most recent call last):
  File "D:\.Ucheba\ВКР\Project E\Project-E\for_docker\visualization\dashboard.py", line 172, in log_system_info
    import tensorflow as tf
ModuleNotFoundError: No module named 'tensorflow'

2025-05-01 14:24:11,702 - dashboard - ERROR - Traceback (most recent call last):
  File "D:\.Ucheba\ВКР\Project E\Project-E\for_docker\visualization\dashboard.py", line 172, in log_system_info
    import tensorflow as tf
ModuleNotFoundError: No module named 'tensorflow'

2025-05-01 14:24:11,702 - dashboard - ERROR - Traceback (most recent call last):
  File "D:\.Ucheba\ВКР\Project E\Project-E\for_docker\visualization\dashboard.py", line 172, in log_system_info
    import tensorflow as tf
ModuleNotFoundError: No module named 'tensorflow'

2025-05-01 14:24:11,702 - dashboard - ERROR - Traceback (most recent call last):
  File "D:\.Ucheba\ВКР\Project E\Project-E\for_docker\visualization\dashboard.py", line 172, in log_system_info
    import tensorflow as tf
ModuleNotFoundError: No module named 'tensorflow'

2025-05-01 14:24:11,702 - dashboard - ERROR - Traceback (most recent call last):
  File "D:\.Ucheba\ВКР\Project E\Project-E\for_docker\visualization\dashboard.py", line 172, in log_system_info
    import tensorflow as tf
ModuleNotFoundError: No module named 'tensorflow'

2025-05-01 14:24:11,702 - dashboard - ERROR - Traceback (most recent call last):
  File "D:\.Ucheba\ВКР\Project E\Project-E\for_docker\visualization\dashboard.py", line 172, in log_system_info
    import tensorflow as tf
ModuleNotFoundError: No module named 'tensorflow'

2025-05-01 14:24:11,702 - dashboard - ERROR - Traceback (most recent call last):
  File "D:\.Ucheba\ВКР\Project E\Project-E\for_docker\visualization\dashboard.py", line 172, in log_system_info
    import tensorflow as tf
ModuleNotFoundError: No module named 'tensorflow'

2025-05-01 14:24:11,702 - dashboard - ERROR - Traceback (most recent call last):
  File "D:\.Ucheba\ВКР\Project E\Project-E\for_docker\visualization\dashboard.py", line 172, in log_system_info
    import tensorflow as tf
ModuleNotFoundError: No module named 'tensorflow'

2025-05-01 14:24:11,702 - dashboard - ERROR - Traceback (most recent call last):
  File "D:\.Ucheba\ВКР\Project E\Project-E\for_docker\visualization\dashboard.py", line 172, in log_system_info
    import tensorflow as tf
ModuleNotFoundError: No module named 'tensorflow'

2025-05-01 14:24:11,702 - dashboard - ERROR - Traceback (most recent call last):
  File "D:\.Ucheba\ВКР\Project E\Project-E\for_docker\visualization\dashboard.py", line 172, in log_system_info
    import tensorflow as tf
ModuleNotFoundError: No module named 'tensorflow'

2025-05-01 14:24:11,702 - dashboard - ERROR - Traceback (most recent call last):
  File "D:\.Ucheba\ВКР\Project E\Project-E\for_docker\visualization\dashboard.py", line 172, in log_system_info
    import tensorflow as tf
ModuleNotFoundError: No module named 'tensorflow'

2025-05-01 14:24:11,702 - dashboard - ERROR - Traceback (most recent call last):
  File "D:\.Ucheba\ВКР\Project E\Project-E\for_docker\visualization\dashboard.py", line 172, in log_system_info
    import tensorflow as tf
ModuleNotFoundError: No module named 'tensorflow'

2025-05-01 14:24:11,702 - dashboard - ERROR - Traceback (most recent call last):
  File "D:\.Ucheba\ВКР\Project E\Project-E\for_docker\visualization\dashboard.py", line 172, in log_system_info
    import tensorflow as tf
ModuleNotFoundError: No module named 'tensorflow'

2025-05-01 14:24:11,702 - dashboard - ERROR - Traceback (most recent call last):
  File "D:\.Ucheba\ВКР\Project E\Project-E\for_docker\visualization\dashboard.py", line 172, in log_system_info
    import tensorflow as tf
ModuleNotFoundError: No module named 'tensorflow'

2025-05-01 14:24:11,702 - dashboard - ERROR - Traceback (most recent call last):
  File "D:\.Ucheba\ВКР\Project E\Project-E\for_docker\visualization\dashboard.py", line 172, in log_system_info
    import tensorflow as tf
ModuleNotFoundError: No module named 'tensorflow'

2025-05-01 14:24:11,702 - dashboard - ERROR - Traceback (most recent call last):
  File "D:\.Ucheba\ВКР\Project E\Project-E\for_docker\visualization\dashboard.py", line 172, in log_system_info
    import tensorflow as tf
ModuleNotFoundError: No module named 'tensorflow'

2025-05-01 14:24:11,702 - dashboard - ERROR - Traceback (most recent call last):
  File "D:\.Ucheba\ВКР\Project E\Project-E\for_docker\visualization\dashboard.py", line 172, in log_system_info
    import tensorflow as tf
ModuleNotFoundError: No module named 'tensorflow'

2025-05-01 14:24:11,703 - dashboard - INFO - Запуск основной функции дашборда
2025-05-01 14:24:11,703 - dashboard - INFO - Запуск основной функции дашборда
2025-05-01 14:24:11,703 - dashboard - INFO - Запуск основной функции дашборда
2025-05-01 14:24:11,703 - dashboard - INFO - Запуск основной функции дашборда
2025-05-01 14:24:11,703 - dashboard - INFO - Запуск основной функции дашборда
2025-05-01 14:24:11,703 - dashboard - INFO - Запуск основной функции дашборда
2025-05-01 14:24:11,703 - dashboard - INFO - Запуск основной функции дашборда
2025-05-01 14:24:11,703 - dashboard - INFO - Запуск основной функции дашборда
2025-05-01 14:24:11,703 - dashboard - INFO - Запуск основной функции дашборда
2025-05-01 14:24:11,703 - dashboard - INFO - Запуск основной функции дашборда
2025-05-01 14:24:11,703 - dashboard - INFO - Запуск основной функции дашборда
2025-05-01 14:24:11,703 - dashboard - INFO - Запуск основной функции дашборда
2025-05-01 14:24:11,703 - dashboard - INFO - Запуск основной функции дашборда
2025-05-01 14:24:11,703 - dashboard - INFO - Запуск основной функции дашборда
2025-05-01 14:24:11,703 - dashboard - INFO - Запуск основной функции дашборда
2025-05-01 14:24:11,703 - dashboard - INFO - Запуск основной функции дашборда
2025-05-01 14:24:11,703 - dashboard - INFO - Запуск основной функции дашборда
2025-05-01 14:24:11,703 - dashboard - INFO - Запуск основной функции дашборда
2025-05-01 14:24:11,705 - dashboard - INFO - Загрузка историй моделей из директории: ..\model_save_preset
2025-05-01 14:24:11,705 - dashboard - INFO - Загрузка историй моделей из директории: ..\model_save_preset
2025-05-01 14:24:11,705 - dashboard - INFO - Загрузка историй моделей из директории: ..\model_save_preset
2025-05-01 14:24:11,705 - dashboard - INFO - Загрузка историй моделей из директории: ..\model_save_preset
2025-05-01 14:24:11,705 - dashboard - INFO - Загрузка историй моделей из директории: ..\model_save_preset
2025-05-01 14:24:11,705 - dashboard - INFO - Загрузка историй моделей из директории: ..\model_save_preset
2025-05-01 14:24:11,705 - dashboard - INFO - Загрузка историй моделей из директории: ..\model_save_preset
2025-05-01 14:24:11,705 - dashboard - INFO - Загрузка историй моделей из директории: ..\model_save_preset
2025-05-01 14:24:11,705 - dashboard - INFO - Загрузка историй моделей из директории: ..\model_save_preset
2025-05-01 14:24:11,705 - dashboard - INFO - Загрузка историй моделей из директории: ..\model_save_preset
2025-05-01 14:24:11,705 - dashboard - INFO - Загрузка историй моделей из директории: ..\model_save_preset
2025-05-01 14:24:11,705 - dashboard - INFO - Загрузка историй моделей из директории: ..\model_save_preset
2025-05-01 14:24:11,705 - dashboard - INFO - Загрузка историй моделей из директории: ..\model_save_preset
2025-05-01 14:24:11,705 - dashboard - INFO - Загрузка историй моделей из директории: ..\model_save_preset
2025-05-01 14:24:11,705 - dashboard - INFO - Загрузка историй моделей из директории: ..\model_save_preset
2025-05-01 14:24:11,705 - dashboard - INFO - Загрузка историй моделей из директории: ..\model_save_preset
2025-05-01 14:24:11,705 - dashboard - INFO - Загрузка историй моделей из директории: ..\model_save_preset
2025-05-01 14:24:11,705 - dashboard - INFO - Загрузка историй моделей из директории: ..\model_save_preset
2025-05-01 14:24:11,748 - dashboard - INFO - Загружено 18 моделей из 4 групп
2025-05-01 14:24:11,748 - dashboard - INFO - Загружено 18 моделей из 4 групп
2025-05-01 14:24:11,748 - dashboard - INFO - Загружено 18 моделей из 4 групп
2025-05-01 14:24:11,748 - dashboard - INFO - Загружено 18 моделей из 4 групп
2025-05-01 14:24:11,748 - dashboard - INFO - Загружено 18 моделей из 4 групп
2025-05-01 14:24:11,748 - dashboard - INFO - Загружено 18 моделей из 4 групп
2025-05-01 14:24:11,748 - dashboard - INFO - Загружено 18 моделей из 4 групп
2025-05-01 14:24:11,748 - dashboard - INFO - Загружено 18 моделей из 4 групп
2025-05-01 14:24:11,748 - dashboard - INFO - Загружено 18 моделей из 4 групп
2025-05-01 14:24:11,748 - dashboard - INFO - Загружено 18 моделей из 4 групп
2025-05-01 14:24:11,748 - dashboard - INFO - Загружено 18 моделей из 4 групп
2025-05-01 14:24:11,748 - dashboard - INFO - Загружено 18 моделей из 4 групп
2025-05-01 14:24:11,748 - dashboard - INFO - Загружено 18 моделей из 4 групп
2025-05-01 14:24:11,748 - dashboard - INFO - Загружено 18 моделей из 4 групп
2025-05-01 14:24:11,748 - dashboard - INFO - Загружено 18 моделей из 4 групп
2025-05-01 14:24:11,748 - dashboard - INFO - Загружено 18 моделей из 4 групп
2025-05-01 14:24:11,748 - dashboard - INFO - Загружено 18 моделей из 4 групп
2025-05-01 14:24:11,748 - dashboard - INFO - Загружено 18 моделей из 4 групп
2025-05-01 14:24:11,753 - dashboard - INFO - Переход на страницу: Обзор моделей
2025-05-01 14:24:11,753 - dashboard - INFO - Переход на страницу: Обзор моделей
2025-05-01 14:24:11,753 - dashboard - INFO - Переход на страницу: Обзор моделей
2025-05-01 14:24:11,753 - dashboard - INFO - Переход на страницу: Обзор моделей
2025-05-01 14:24:11,753 - dashboard - INFO - Переход на страницу: Обзор моделей
2025-05-01 14:24:11,753 - dashboard - INFO - Переход на страницу: Обзор моделей
2025-05-01 14:24:11,753 - dashboard - INFO - Переход на страницу: Обзор моделей
2025-05-01 14:24:11,753 - dashboard - INFO - Переход на страницу: Обзор моделей
2025-05-01 14:24:11,753 - dashboard - INFO - Переход на страницу: Обзор моделей
2025-05-01 14:24:11,753 - dashboard - INFO - Переход на страницу: Обзор моделей
2025-05-01 14:24:11,753 - dashboard - INFO - Переход на страницу: Обзор моделей
2025-05-01 14:24:11,753 - dashboard - INFO - Переход на страницу: Обзор моделей
2025-05-01 14:24:11,753 - dashboard - INFO - Переход на страницу: Обзор моделей
2025-05-01 14:24:11,753 - dashboard - INFO - Переход на страницу: Обзор моделей
2025-05-01 14:24:11,753 - dashboard - INFO - Переход на страницу: Обзор моделей
2025-05-01 14:24:11,753 - dashboard - INFO - Переход на страницу: Обзор моделей
2025-05-01 14:24:11,753 - dashboard - INFO - Переход на страницу: Обзор моделей
2025-05-01 14:24:11,753 - dashboard - INFO - Переход на страницу: Обзор моделей
2025-05-01 14:24:11,765 - dashboard - INFO - Создание таблицы сравнения метрик
2025-05-01 14:24:11,765 - dashboard - INFO - Создание таблицы сравнения метрик
2025-05-01 14:24:11,765 - dashboard - INFO - Создание таблицы сравнения метрик
2025-05-01 14:24:11,765 - dashboard - INFO - Создание таблицы сравнения метрик
2025-05-01 14:24:11,765 - dashboard - INFO - Создание таблицы сравнения метрик
2025-05-01 14:24:11,765 - dashboard - INFO - Создание таблицы сравнения метрик
2025-05-01 14:24:11,765 - dashboard - INFO - Создание таблицы сравнения метрик
2025-05-01 14:24:11,765 - dashboard - INFO - Создание таблицы сравнения метрик
2025-05-01 14:24:11,765 - dashboard - INFO - Создание таблицы сравнения метрик
2025-05-01 14:24:11,765 - dashboard - INFO - Создание таблицы сравнения метрик
2025-05-01 14:24:11,765 - dashboard - INFO - Создание таблицы сравнения метрик
2025-05-01 14:24:11,765 - dashboard - INFO - Создание таблицы сравнения метрик
2025-05-01 14:24:11,765 - dashboard - INFO - Создание таблицы сравнения метрик
2025-05-01 14:24:11,765 - dashboard - INFO - Создание таблицы сравнения метрик
2025-05-01 14:24:11,765 - dashboard - INFO - Создание таблицы сравнения метрик
2025-05-01 14:24:11,765 - dashboard - INFO - Создание таблицы сравнения метрик
2025-05-01 14:24:11,765 - dashboard - INFO - Создание таблицы сравнения метрик
2025-05-01 14:24:11,765 - dashboard - INFO - Создание таблицы сравнения метрик
2025-05-01 14:24:11,773 - dashboard - INFO - Создана таблица сравнения с 18 моделями
2025-05-01 14:24:11,773 - dashboard - INFO - Создана таблица сравнения с 18 моделями
2025-05-01 14:24:11,773 - dashboard - INFO - Создана таблица сравнения с 18 моделями
2025-05-01 14:24:11,773 - dashboard - INFO - Создана таблица сравнения с 18 моделями
2025-05-01 14:24:11,773 - dashboard - INFO - Создана таблица сравнения с 18 моделями
2025-05-01 14:24:11,773 - dashboard - INFO - Создана таблица сравнения с 18 моделями
2025-05-01 14:24:11,773 - dashboard - INFO - Создана таблица сравнения с 18 моделями
2025-05-01 14:24:11,773 - dashboard - INFO - Создана таблица сравнения с 18 моделями
2025-05-01 14:24:11,773 - dashboard - INFO - Создана таблица сравнения с 18 моделями
2025-05-01 14:24:11,773 - dashboard - INFO - Создана таблица сравнения с 18 моделями
2025-05-01 14:24:11,773 - dashboard - INFO - Создана таблица сравнения с 18 моделями
2025-05-01 14:24:11,773 - dashboard - INFO - Создана таблица сравнения с 18 моделями
2025-05-01 14:24:11,773 - dashboard - INFO - Создана таблица сравнения с 18 моделями
2025-05-01 14:24:11,773 - dashboard - INFO - Создана таблица сравнения с 18 моделями
2025-05-01 14:24:11,773 - dashboard - INFO - Создана таблица сравнения с 18 моделями
2025-05-01 14:24:11,773 - dashboard - INFO - Создана таблица сравнения с 18 моделями
2025-05-01 14:24:11,773 - dashboard - INFO - Создана таблица сравнения с 18 моделями
2025-05-01 14:24:11,773 - dashboard - INFO - Создана таблица сравнения с 18 моделями
2025-05-01 14:31:54,199 - dashboard - INFO - Дашборд запущен
2025-05-01 14:31:54,206 - dashboard - INFO - Дашборд запущен
2025-05-01 14:31:54,206 - dashboard - INFO - Дашборд запущен
2025-05-01 14:31:54,216 - dashboard - ERROR - Ошибка при сборе системной информации: No module named 'tensorflow'
2025-05-01 14:31:54,216 - dashboard - ERROR - Ошибка при сборе системной информации: No module named 'tensorflow'
2025-05-01 14:31:54,218 - dashboard - ERROR - Traceback (most recent call last):
  File "D:\.Ucheba\ВКР\Project E\Project-E\for_docker\visualization\dashboard.py", line 172, in log_system_info
    import tensorflow as tf
ModuleNotFoundError: No module named 'tensorflow'

2025-05-01 14:31:54,218 - dashboard - ERROR - Traceback (most recent call last):
  File "D:\.Ucheba\ВКР\Project E\Project-E\for_docker\visualization\dashboard.py", line 172, in log_system_info
    import tensorflow as tf
ModuleNotFoundError: No module named 'tensorflow'

2025-05-01 14:31:54,219 - dashboard - INFO - Запуск основной функции дашборда
2025-05-01 14:31:54,219 - dashboard - INFO - Запуск основной функции дашборда
2025-05-01 14:31:55,790 - dashboard - INFO - Загрузка историй моделей из директории: ..\model_save_preset
2025-05-01 14:31:55,790 - dashboard - INFO - Загрузка историй моделей из директории: ..\model_save_preset
2025-05-01 14:31:55,805 - dashboard - INFO - Загружено 18 моделей из 4 групп
2025-05-01 14:31:55,805 - dashboard - INFO - Загружено 18 моделей из 4 групп
2025-05-01 14:31:55,807 - dashboard - INFO - Переход на страницу: Обзор моделей
2025-05-01 14:31:55,807 - dashboard - INFO - Переход на страницу: Обзор моделей
2025-05-01 14:31:55,810 - dashboard - INFO - Создание таблицы сравнения метрик
2025-05-01 14:31:55,810 - dashboard - INFO - Создание таблицы сравнения метрик
2025-05-01 14:31:55,811 - dashboard - INFO - Создана таблица сравнения с 18 моделями
2025-05-01 14:31:55,811 - dashboard - INFO - Создана таблица сравнения с 18 моделями
2025-05-01 14:32:00,978 - dashboard - INFO - Дашборд запущен
2025-05-01 14:32:00,978 - dashboard - INFO - Дашборд запущен
2025-05-01 14:32:00,978 - dashboard - INFO - Дашборд запущен
2025-05-01 14:32:00,982 - dashboard - ERROR - Ошибка при сборе системной информации: No module named 'tensorflow'
2025-05-01 14:32:00,982 - dashboard - ERROR - Ошибка при сборе системной информации: No module named 'tensorflow'
2025-05-01 14:32:00,982 - dashboard - ERROR - Ошибка при сборе системной информации: No module named 'tensorflow'
2025-05-01 14:32:00,983 - dashboard - ERROR - Traceback (most recent call last):
  File "D:\.Ucheba\ВКР\Project E\Project-E\for_docker\visualization\dashboard.py", line 172, in log_system_info
    import tensorflow as tf
ModuleNotFoundError: No module named 'tensorflow'

2025-05-01 14:32:00,983 - dashboard - ERROR - Traceback (most recent call last):
  File "D:\.Ucheba\ВКР\Project E\Project-E\for_docker\visualization\dashboard.py", line 172, in log_system_info
    import tensorflow as tf
ModuleNotFoundError: No module named 'tensorflow'

2025-05-01 14:32:00,983 - dashboard - ERROR - Traceback (most recent call last):
  File "D:\.Ucheba\ВКР\Project E\Project-E\for_docker\visualization\dashboard.py", line 172, in log_system_info
    import tensorflow as tf
ModuleNotFoundError: No module named 'tensorflow'

2025-05-01 14:32:00,984 - dashboard - INFO - Запуск основной функции дашборда
2025-05-01 14:32:00,984 - dashboard - INFO - Запуск основной функции дашборда
2025-05-01 14:32:00,984 - dashboard - INFO - Запуск основной функции дашборда
2025-05-01 14:32:00,990 - dashboard - INFO - Загрузка историй моделей из директории: ..\model_save_preset
2025-05-01 14:32:00,990 - dashboard - INFO - Загрузка историй моделей из директории: ..\model_save_preset
2025-05-01 14:32:00,990 - dashboard - INFO - Загрузка историй моделей из директории: ..\model_save_preset
2025-05-01 14:32:01,011 - dashboard - INFO - Загружено 18 моделей из 4 групп
2025-05-01 14:32:01,011 - dashboard - INFO - Загружено 18 моделей из 4 групп
2025-05-01 14:32:01,011 - dashboard - INFO - Загружено 18 моделей из 4 групп
2025-05-01 14:32:01,016 - dashboard - INFO - Переход на страницу: История обучения
2025-05-01 14:32:01,016 - dashboard - INFO - Переход на страницу: История обучения
2025-05-01 14:32:01,016 - dashboard - INFO - Переход на страницу: История обучения
2025-05-01 14:32:01,024 - dashboard - INFO - Создание таблицы сравнения метрик
2025-05-01 14:32:01,024 - dashboard - INFO - Создание таблицы сравнения метрик
2025-05-01 14:32:01,024 - dashboard - INFO - Создание таблицы сравнения метрик
2025-05-01 14:32:01,025 - dashboard - INFO - Создана таблица сравнения с 18 моделями
2025-05-01 14:32:01,025 - dashboard - INFO - Создана таблица сравнения с 18 моделями
2025-05-01 14:32:01,025 - dashboard - INFO - Создана таблица сравнения с 18 моделями
2025-05-01 14:32:23,354 - dashboard - INFO - Дашборд запущен
2025-05-01 14:32:23,354 - dashboard - INFO - Дашборд запущен
2025-05-01 14:32:23,354 - dashboard - INFO - Дашборд запущен
2025-05-01 14:32:23,354 - dashboard - INFO - Дашборд запущен
2025-05-01 14:32:23,360 - dashboard - ERROR - Ошибка при сборе системной информации: No module named 'tensorflow'
2025-05-01 14:32:23,360 - dashboard - ERROR - Ошибка при сборе системной информации: No module named 'tensorflow'
2025-05-01 14:32:23,360 - dashboard - ERROR - Ошибка при сборе системной информации: No module named 'tensorflow'
2025-05-01 14:32:23,360 - dashboard - ERROR - Ошибка при сборе системной информации: No module named 'tensorflow'
2025-05-01 14:32:23,362 - dashboard - ERROR - Traceback (most recent call last):
  File "D:\.Ucheba\ВКР\Project E\Project-E\for_docker\visualization\dashboard.py", line 172, in log_system_info
    import tensorflow as tf
ModuleNotFoundError: No module named 'tensorflow'

2025-05-01 14:32:23,362 - dashboard - ERROR - Traceback (most recent call last):
  File "D:\.Ucheba\ВКР\Project E\Project-E\for_docker\visualization\dashboard.py", line 172, in log_system_info
    import tensorflow as tf
ModuleNotFoundError: No module named 'tensorflow'

2025-05-01 14:32:23,362 - dashboard - ERROR - Traceback (most recent call last):
  File "D:\.Ucheba\ВКР\Project E\Project-E\for_docker\visualization\dashboard.py", line 172, in log_system_info
    import tensorflow as tf
ModuleNotFoundError: No module named 'tensorflow'

2025-05-01 14:32:23,362 - dashboard - ERROR - Traceback (most recent call last):
  File "D:\.Ucheba\ВКР\Project E\Project-E\for_docker\visualization\dashboard.py", line 172, in log_system_info
    import tensorflow as tf
ModuleNotFoundError: No module named 'tensorflow'

2025-05-01 14:32:23,362 - dashboard - INFO - Запуск основной функции дашборда
2025-05-01 14:32:23,362 - dashboard - INFO - Запуск основной функции дашборда
2025-05-01 14:32:23,362 - dashboard - INFO - Запуск основной функции дашборда
2025-05-01 14:32:23,362 - dashboard - INFO - Запуск основной функции дашборда
2025-05-01 14:32:23,364 - dashboard - INFO - Загрузка историй моделей из директории: ..\model_save_preset
2025-05-01 14:32:23,364 - dashboard - INFO - Загрузка историй моделей из директории: ..\model_save_preset
2025-05-01 14:32:23,364 - dashboard - INFO - Загрузка историй моделей из директории: ..\model_save_preset
2025-05-01 14:32:23,364 - dashboard - INFO - Загрузка историй моделей из директории: ..\model_save_preset
2025-05-01 14:32:23,388 - dashboard - INFO - Загружено 18 моделей из 4 групп
2025-05-01 14:32:23,388 - dashboard - INFO - Загружено 18 моделей из 4 групп
2025-05-01 14:32:23,388 - dashboard - INFO - Загружено 18 моделей из 4 групп
2025-05-01 14:32:23,388 - dashboard - INFO - Загружено 18 моделей из 4 групп
2025-05-01 14:32:23,390 - dashboard - INFO - Переход на страницу: Сравнение моделей
2025-05-01 14:32:23,390 - dashboard - INFO - Переход на страницу: Сравнение моделей
2025-05-01 14:32:23,390 - dashboard - INFO - Переход на страницу: Сравнение моделей
2025-05-01 14:32:23,390 - dashboard - INFO - Переход на страницу: Сравнение моделей
2025-05-01 14:32:23,396 - dashboard - INFO - Создание таблицы сравнения метрик
2025-05-01 14:32:23,396 - dashboard - INFO - Создание таблицы сравнения метрик
2025-05-01 14:32:23,396 - dashboard - INFO - Создание таблицы сравнения метрик
2025-05-01 14:32:23,396 - dashboard - INFO - Создание таблицы сравнения метрик
2025-05-01 14:32:23,402 - dashboard - INFO - Создана таблица сравнения с 18 моделями
2025-05-01 14:32:23,402 - dashboard - INFO - Создана таблица сравнения с 18 моделями
2025-05-01 14:32:23,402 - dashboard - INFO - Создана таблица сравнения с 18 моделями
2025-05-01 14:32:23,402 - dashboard - INFO - Создана таблица сравнения с 18 моделями
2025-05-01 14:32:33,119 - dashboard - INFO - Дашборд запущен
2025-05-01 14:32:33,119 - dashboard - INFO - Дашборд запущен
2025-05-01 14:32:33,119 - dashboard - INFO - Дашборд запущен
2025-05-01 14:32:33,119 - dashboard - INFO - Дашборд запущен
2025-05-01 14:32:33,119 - dashboard - INFO - Дашборд запущен
2025-05-01 14:32:33,123 - dashboard - ERROR - Ошибка при сборе системной информации: No module named 'tensorflow'
2025-05-01 14:32:33,123 - dashboard - ERROR - Ошибка при сборе системной информации: No module named 'tensorflow'
2025-05-01 14:32:33,123 - dashboard - ERROR - Ошибка при сборе системной информации: No module named 'tensorflow'
2025-05-01 14:32:33,123 - dashboard - ERROR - Ошибка при сборе системной информации: No module named 'tensorflow'
2025-05-01 14:32:33,123 - dashboard - ERROR - Ошибка при сборе системной информации: No module named 'tensorflow'
2025-05-01 14:32:33,124 - dashboard - ERROR - Traceback (most recent call last):
  File "D:\.Ucheba\ВКР\Project E\Project-E\for_docker\visualization\dashboard.py", line 172, in log_system_info
    import tensorflow as tf
ModuleNotFoundError: No module named 'tensorflow'

2025-05-01 14:32:33,124 - dashboard - ERROR - Traceback (most recent call last):
  File "D:\.Ucheba\ВКР\Project E\Project-E\for_docker\visualization\dashboard.py", line 172, in log_system_info
    import tensorflow as tf
ModuleNotFoundError: No module named 'tensorflow'

2025-05-01 14:32:33,124 - dashboard - ERROR - Traceback (most recent call last):
  File "D:\.Ucheba\ВКР\Project E\Project-E\for_docker\visualization\dashboard.py", line 172, in log_system_info
    import tensorflow as tf
ModuleNotFoundError: No module named 'tensorflow'

2025-05-01 14:32:33,124 - dashboard - ERROR - Traceback (most recent call last):
  File "D:\.Ucheba\ВКР\Project E\Project-E\for_docker\visualization\dashboard.py", line 172, in log_system_info
    import tensorflow as tf
ModuleNotFoundError: No module named 'tensorflow'

2025-05-01 14:32:33,124 - dashboard - ERROR - Traceback (most recent call last):
  File "D:\.Ucheba\ВКР\Project E\Project-E\for_docker\visualization\dashboard.py", line 172, in log_system_info
    import tensorflow as tf
ModuleNotFoundError: No module named 'tensorflow'

2025-05-01 14:32:33,124 - dashboard - INFO - Запуск основной функции дашборда
2025-05-01 14:32:33,124 - dashboard - INFO - Запуск основной функции дашборда
2025-05-01 14:32:33,124 - dashboard - INFO - Запуск основной функции дашборда
2025-05-01 14:32:33,124 - dashboard - INFO - Запуск основной функции дашборда
2025-05-01 14:32:33,124 - dashboard - INFO - Запуск основной функции дашборда
2025-05-01 14:32:33,153 - dashboard - INFO - Загрузка историй моделей из директории: ..\model_save_preset
2025-05-01 14:32:33,153 - dashboard - INFO - Загрузка историй моделей из директории: ..\model_save_preset
2025-05-01 14:32:33,153 - dashboard - INFO - Загрузка историй моделей из директории: ..\model_save_preset
2025-05-01 14:32:33,153 - dashboard - INFO - Загрузка историй моделей из директории: ..\model_save_preset
2025-05-01 14:32:33,153 - dashboard - INFO - Загрузка историй моделей из директории: ..\model_save_preset
2025-05-01 14:32:33,306 - dashboard - INFO - Загружено 18 моделей из 4 групп
2025-05-01 14:32:33,306 - dashboard - INFO - Загружено 18 моделей из 4 групп
2025-05-01 14:32:33,306 - dashboard - INFO - Загружено 18 моделей из 4 групп
2025-05-01 14:32:33,306 - dashboard - INFO - Загружено 18 моделей из 4 групп
2025-05-01 14:32:33,306 - dashboard - INFO - Загружено 18 моделей из 4 групп
2025-05-01 14:32:33,308 - dashboard - INFO - Переход на страницу: Сравнение моделей
2025-05-01 14:32:33,308 - dashboard - INFO - Переход на страницу: Сравнение моделей
2025-05-01 14:32:33,308 - dashboard - INFO - Переход на страницу: Сравнение моделей
2025-05-01 14:32:33,308 - dashboard - INFO - Переход на страницу: Сравнение моделей
2025-05-01 14:32:33,308 - dashboard - INFO - Переход на страницу: Сравнение моделей
2025-05-01 14:32:33,315 - dashboard - INFO - Создание таблицы сравнения метрик
2025-05-01 14:32:33,315 - dashboard - INFO - Создание таблицы сравнения метрик
2025-05-01 14:32:33,315 - dashboard - INFO - Создание таблицы сравнения метрик
2025-05-01 14:32:33,315 - dashboard - INFO - Создание таблицы сравнения метрик
2025-05-01 14:32:33,315 - dashboard - INFO - Создание таблицы сравнения метрик
2025-05-01 14:32:33,317 - dashboard - INFO - Создана таблица сравнения с 18 моделями
2025-05-01 14:32:33,317 - dashboard - INFO - Создана таблица сравнения с 18 моделями
2025-05-01 14:32:33,317 - dashboard - INFO - Создана таблица сравнения с 18 моделями
2025-05-01 14:32:33,317 - dashboard - INFO - Создана таблица сравнения с 18 моделями
2025-05-01 14:32:33,317 - dashboard - INFO - Создана таблица сравнения с 18 моделями
2025-05-01 14:32:35,292 - dashboard - INFO - Дашборд запущен
2025-05-01 14:32:35,292 - dashboard - INFO - Дашборд запущен
2025-05-01 14:32:35,292 - dashboard - INFO - Дашборд запущен
2025-05-01 14:32:35,292 - dashboard - INFO - Дашборд запущен
2025-05-01 14:32:35,292 - dashboard - INFO - Дашборд запущен
2025-05-01 14:32:35,292 - dashboard - INFO - Дашборд запущен
2025-05-01 14:32:35,297 - dashboard - ERROR - Ошибка при сборе системной информации: No module named 'tensorflow'
2025-05-01 14:32:35,297 - dashboard - ERROR - Ошибка при сборе системной информации: No module named 'tensorflow'
2025-05-01 14:32:35,297 - dashboard - ERROR - Ошибка при сборе системной информации: No module named 'tensorflow'
2025-05-01 14:32:35,297 - dashboard - ERROR - Ошибка при сборе системной информации: No module named 'tensorflow'
2025-05-01 14:32:35,297 - dashboard - ERROR - Ошибка при сборе системной информации: No module named 'tensorflow'
2025-05-01 14:32:35,297 - dashboard - ERROR - Ошибка при сборе системной информации: No module named 'tensorflow'
2025-05-01 14:32:35,301 - dashboard - ERROR - Traceback (most recent call last):
  File "D:\.Ucheba\ВКР\Project E\Project-E\for_docker\visualization\dashboard.py", line 172, in log_system_info
    import tensorflow as tf
ModuleNotFoundError: No module named 'tensorflow'

2025-05-01 14:32:35,301 - dashboard - ERROR - Traceback (most recent call last):
  File "D:\.Ucheba\ВКР\Project E\Project-E\for_docker\visualization\dashboard.py", line 172, in log_system_info
    import tensorflow as tf
ModuleNotFoundError: No module named 'tensorflow'

2025-05-01 14:32:35,301 - dashboard - ERROR - Traceback (most recent call last):
  File "D:\.Ucheba\ВКР\Project E\Project-E\for_docker\visualization\dashboard.py", line 172, in log_system_info
    import tensorflow as tf
ModuleNotFoundError: No module named 'tensorflow'

2025-05-01 14:32:35,301 - dashboard - ERROR - Traceback (most recent call last):
  File "D:\.Ucheba\ВКР\Project E\Project-E\for_docker\visualization\dashboard.py", line 172, in log_system_info
    import tensorflow as tf
ModuleNotFoundError: No module named 'tensorflow'

2025-05-01 14:32:35,301 - dashboard - ERROR - Traceback (most recent call last):
  File "D:\.Ucheba\ВКР\Project E\Project-E\for_docker\visualization\dashboard.py", line 172, in log_system_info
    import tensorflow as tf
ModuleNotFoundError: No module named 'tensorflow'

2025-05-01 14:32:35,301 - dashboard - ERROR - Traceback (most recent call last):
  File "D:\.Ucheba\ВКР\Project E\Project-E\for_docker\visualization\dashboard.py", line 172, in log_system_info
    import tensorflow as tf
ModuleNotFoundError: No module named 'tensorflow'

2025-05-01 14:32:35,301 - dashboard - INFO - Запуск основной функции дашборда
2025-05-01 14:32:35,301 - dashboard - INFO - Запуск основной функции дашборда
2025-05-01 14:32:35,301 - dashboard - INFO - Запуск основной функции дашборда
2025-05-01 14:32:35,301 - dashboard - INFO - Запуск основной функции дашборда
2025-05-01 14:32:35,301 - dashboard - INFO - Запуск основной функции дашборда
2025-05-01 14:32:35,301 - dashboard - INFO - Запуск основной функции дашборда
2025-05-01 14:32:35,304 - dashboard - INFO - Загрузка историй моделей из директории: ..\model_save_preset
2025-05-01 14:32:35,304 - dashboard - INFO - Загрузка историй моделей из директории: ..\model_save_preset
2025-05-01 14:32:35,304 - dashboard - INFO - Загрузка историй моделей из директории: ..\model_save_preset
2025-05-01 14:32:35,304 - dashboard - INFO - Загрузка историй моделей из директории: ..\model_save_preset
2025-05-01 14:32:35,304 - dashboard - INFO - Загрузка историй моделей из директории: ..\model_save_preset
2025-05-01 14:32:35,304 - dashboard - INFO - Загрузка историй моделей из директории: ..\model_save_preset
2025-05-01 14:32:35,324 - dashboard - INFO - Загружено 18 моделей из 4 групп
2025-05-01 14:32:35,324 - dashboard - INFO - Загружено 18 моделей из 4 групп
2025-05-01 14:32:35,324 - dashboard - INFO - Загружено 18 моделей из 4 групп
2025-05-01 14:32:35,324 - dashboard - INFO - Загружено 18 моделей из 4 групп
2025-05-01 14:32:35,324 - dashboard - INFO - Загружено 18 моделей из 4 групп
2025-05-01 14:32:35,324 - dashboard - INFO - Загружено 18 моделей из 4 групп
2025-05-01 14:32:35,329 - dashboard - INFO - Переход на страницу: Сравнение моделей
2025-05-01 14:32:35,329 - dashboard - INFO - Переход на страницу: Сравнение моделей
2025-05-01 14:32:35,329 - dashboard - INFO - Переход на страницу: Сравнение моделей
2025-05-01 14:32:35,329 - dashboard - INFO - Переход на страницу: Сравнение моделей
2025-05-01 14:32:35,329 - dashboard - INFO - Переход на страницу: Сравнение моделей
2025-05-01 14:32:35,329 - dashboard - INFO - Переход на страницу: Сравнение моделей
2025-05-01 14:32:35,334 - dashboard - INFO - Создание таблицы сравнения метрик
2025-05-01 14:32:35,334 - dashboard - INFO - Создание таблицы сравнения метрик
2025-05-01 14:32:35,334 - dashboard - INFO - Создание таблицы сравнения метрик
2025-05-01 14:32:35,334 - dashboard - INFO - Создание таблицы сравнения метрик
2025-05-01 14:32:35,334 - dashboard - INFO - Создание таблицы сравнения метрик
2025-05-01 14:32:35,334 - dashboard - INFO - Создание таблицы сравнения метрик
2025-05-01 14:32:35,337 - dashboard - INFO - Создана таблица сравнения с 18 моделями
2025-05-01 14:32:35,337 - dashboard - INFO - Создана таблица сравнения с 18 моделями
2025-05-01 14:32:35,337 - dashboard - INFO - Создана таблица сравнения с 18 моделями
2025-05-01 14:32:35,337 - dashboard - INFO - Создана таблица сравнения с 18 моделями
2025-05-01 14:32:35,337 - dashboard - INFO - Создана таблица сравнения с 18 моделями
2025-05-01 14:32:35,337 - dashboard - INFO - Создана таблица сравнения с 18 моделями
2025-05-01 14:32:41,756 - dashboard - INFO - Дашборд запущен
2025-05-01 14:32:41,756 - dashboard - INFO - Дашборд запущен
2025-05-01 14:32:41,756 - dashboard - INFO - Дашборд запущен
2025-05-01 14:32:41,756 - dashboard - INFO - Дашборд запущен
2025-05-01 14:32:41,756 - dashboard - INFO - Дашборд запущен
2025-05-01 14:32:41,756 - dashboard - INFO - Дашборд запущен
2025-05-01 14:32:41,756 - dashboard - INFO - Дашборд запущен
2025-05-01 14:32:41,762 - dashboard - ERROR - Ошибка при сборе системной информации: No module named 'tensorflow'
2025-05-01 14:32:41,762 - dashboard - ERROR - Ошибка при сборе системной информации: No module named 'tensorflow'
2025-05-01 14:32:41,762 - dashboard - ERROR - Ошибка при сборе системной информации: No module named 'tensorflow'
2025-05-01 14:32:41,762 - dashboard - ERROR - Ошибка при сборе системной информации: No module named 'tensorflow'
2025-05-01 14:32:41,762 - dashboard - ERROR - Ошибка при сборе системной информации: No module named 'tensorflow'
2025-05-01 14:32:41,762 - dashboard - ERROR - Ошибка при сборе системной информации: No module named 'tensorflow'
2025-05-01 14:32:41,762 - dashboard - ERROR - Ошибка при сборе системной информации: No module named 'tensorflow'
2025-05-01 14:32:41,763 - dashboard - ERROR - Traceback (most recent call last):
  File "D:\.Ucheba\ВКР\Project E\Project-E\for_docker\visualization\dashboard.py", line 172, in log_system_info
    import tensorflow as tf
ModuleNotFoundError: No module named 'tensorflow'

2025-05-01 14:32:41,763 - dashboard - ERROR - Traceback (most recent call last):
  File "D:\.Ucheba\ВКР\Project E\Project-E\for_docker\visualization\dashboard.py", line 172, in log_system_info
    import tensorflow as tf
ModuleNotFoundError: No module named 'tensorflow'

2025-05-01 14:32:41,763 - dashboard - ERROR - Traceback (most recent call last):
  File "D:\.Ucheba\ВКР\Project E\Project-E\for_docker\visualization\dashboard.py", line 172, in log_system_info
    import tensorflow as tf
ModuleNotFoundError: No module named 'tensorflow'

2025-05-01 14:32:41,763 - dashboard - ERROR - Traceback (most recent call last):
  File "D:\.Ucheba\ВКР\Project E\Project-E\for_docker\visualization\dashboard.py", line 172, in log_system_info
    import tensorflow as tf
ModuleNotFoundError: No module named 'tensorflow'

2025-05-01 14:32:41,763 - dashboard - ERROR - Traceback (most recent call last):
  File "D:\.Ucheba\ВКР\Project E\Project-E\for_docker\visualization\dashboard.py", line 172, in log_system_info
    import tensorflow as tf
ModuleNotFoundError: No module named 'tensorflow'

2025-05-01 14:32:41,763 - dashboard - ERROR - Traceback (most recent call last):
  File "D:\.Ucheba\ВКР\Project E\Project-E\for_docker\visualization\dashboard.py", line 172, in log_system_info
    import tensorflow as tf
ModuleNotFoundError: No module named 'tensorflow'

2025-05-01 14:32:41,763 - dashboard - ERROR - Traceback (most recent call last):
  File "D:\.Ucheba\ВКР\Project E\Project-E\for_docker\visualization\dashboard.py", line 172, in log_system_info
    import tensorflow as tf
ModuleNotFoundError: No module named 'tensorflow'

2025-05-01 14:32:41,763 - dashboard - INFO - Запуск основной функции дашборда
2025-05-01 14:32:41,763 - dashboard - INFO - Запуск основной функции дашборда
2025-05-01 14:32:41,763 - dashboard - INFO - Запуск основной функции дашборда
2025-05-01 14:32:41,763 - dashboard - INFO - Запуск основной функции дашборда
2025-05-01 14:32:41,763 - dashboard - INFO - Запуск основной функции дашборда
2025-05-01 14:32:41,763 - dashboard - INFO - Запуск основной функции дашборда
2025-05-01 14:32:41,763 - dashboard - INFO - Запуск основной функции дашборда
2025-05-01 14:32:41,766 - dashboard - INFO - Загрузка историй моделей из директории: ..\model_save_preset
2025-05-01 14:32:41,766 - dashboard - INFO - Загрузка историй моделей из директории: ..\model_save_preset
2025-05-01 14:32:41,766 - dashboard - INFO - Загрузка историй моделей из директории: ..\model_save_preset
2025-05-01 14:32:41,766 - dashboard - INFO - Загрузка историй моделей из директории: ..\model_save_preset
2025-05-01 14:32:41,766 - dashboard - INFO - Загрузка историй моделей из директории: ..\model_save_preset
2025-05-01 14:32:41,766 - dashboard - INFO - Загрузка историй моделей из директории: ..\model_save_preset
2025-05-01 14:32:41,766 - dashboard - INFO - Загрузка историй моделей из директории: ..\model_save_preset
2025-05-01 14:32:41,789 - dashboard - INFO - Загружено 18 моделей из 4 групп
2025-05-01 14:32:41,789 - dashboard - INFO - Загружено 18 моделей из 4 групп
2025-05-01 14:32:41,789 - dashboard - INFO - Загружено 18 моделей из 4 групп
2025-05-01 14:32:41,789 - dashboard - INFO - Загружено 18 моделей из 4 групп
2025-05-01 14:32:41,789 - dashboard - INFO - Загружено 18 моделей из 4 групп
2025-05-01 14:32:41,789 - dashboard - INFO - Загружено 18 моделей из 4 групп
2025-05-01 14:32:41,789 - dashboard - INFO - Загружено 18 моделей из 4 групп
2025-05-01 14:32:41,791 - dashboard - INFO - Переход на страницу: Сравнение моделей
2025-05-01 14:32:41,791 - dashboard - INFO - Переход на страницу: Сравнение моделей
2025-05-01 14:32:41,791 - dashboard - INFO - Переход на страницу: Сравнение моделей
2025-05-01 14:32:41,791 - dashboard - INFO - Переход на страницу: Сравнение моделей
2025-05-01 14:32:41,791 - dashboard - INFO - Переход на страницу: Сравнение моделей
2025-05-01 14:32:41,791 - dashboard - INFO - Переход на страницу: Сравнение моделей
2025-05-01 14:32:41,791 - dashboard - INFO - Переход на страницу: Сравнение моделей
2025-05-01 14:32:41,796 - dashboard - INFO - Создание таблицы сравнения метрик
2025-05-01 14:32:41,796 - dashboard - INFO - Создание таблицы сравнения метрик
2025-05-01 14:32:41,796 - dashboard - INFO - Создание таблицы сравнения метрик
2025-05-01 14:32:41,796 - dashboard - INFO - Создание таблицы сравнения метрик
2025-05-01 14:32:41,796 - dashboard - INFO - Создание таблицы сравнения метрик
2025-05-01 14:32:41,796 - dashboard - INFO - Создание таблицы сравнения метрик
2025-05-01 14:32:41,796 - dashboard - INFO - Создание таблицы сравнения метрик
2025-05-01 14:32:41,802 - dashboard - INFO - Создана таблица сравнения с 18 моделями
2025-05-01 14:32:41,802 - dashboard - INFO - Создана таблица сравнения с 18 моделями
2025-05-01 14:32:41,802 - dashboard - INFO - Создана таблица сравнения с 18 моделями
2025-05-01 14:32:41,802 - dashboard - INFO - Создана таблица сравнения с 18 моделями
2025-05-01 14:32:41,802 - dashboard - INFO - Создана таблица сравнения с 18 моделями
2025-05-01 14:32:41,802 - dashboard - INFO - Создана таблица сравнения с 18 моделями
2025-05-01 14:32:41,802 - dashboard - INFO - Создана таблица сравнения с 18 моделями
2025-05-01 14:57:34,157 - dashboard - INFO - Дашборд запущен
2025-05-01 14:57:34,164 - dashboard - INFO - Дашборд запущен
2025-05-01 14:57:34,164 - dashboard - INFO - Дашборд запущен
2025-05-01 14:57:34,177 - dashboard - ERROR - Ошибка при сборе системной информации: No module named 'tensorflow'
2025-05-01 14:57:34,177 - dashboard - ERROR - Ошибка при сборе системной информации: No module named 'tensorflow'
2025-05-01 14:57:34,181 - dashboard - ERROR - Traceback (most recent call last):
  File "D:\.Ucheba\ВКР\Project E\Project-E\for_docker\visualization\dashboard.py", line 172, in log_system_info
    import tensorflow as tf
ModuleNotFoundError: No module named 'tensorflow'

2025-05-01 14:57:34,181 - dashboard - ERROR - Traceback (most recent call last):
  File "D:\.Ucheba\ВКР\Project E\Project-E\for_docker\visualization\dashboard.py", line 172, in log_system_info
    import tensorflow as tf
ModuleNotFoundError: No module named 'tensorflow'

2025-05-01 14:57:34,182 - dashboard - INFO - Запуск основной функции дашборда
2025-05-01 14:57:34,182 - dashboard - INFO - Запуск основной функции дашборда
2025-05-01 14:57:35,787 - dashboard - INFO - Загрузка историй моделей из директории: ..\model_save_preset
2025-05-01 14:57:35,787 - dashboard - INFO - Загрузка историй моделей из директории: ..\model_save_preset
2025-05-01 14:57:35,807 - dashboard - INFO - Загружено 19 моделей из 5 групп
2025-05-01 14:57:35,807 - dashboard - INFO - Загружено 19 моделей из 5 групп
2025-05-01 14:57:35,808 - dashboard - INFO - Переход на страницу: Обзор моделей
2025-05-01 14:57:35,808 - dashboard - INFO - Переход на страницу: Обзор моделей
2025-05-01 14:57:35,815 - dashboard - INFO - Создание таблицы сравнения метрик
2025-05-01 14:57:35,815 - dashboard - INFO - Создание таблицы сравнения метрик
2025-05-01 14:57:35,816 - dashboard - INFO - Создана таблица сравнения с 19 моделями
2025-05-01 14:57:35,816 - dashboard - INFO - Создана таблица сравнения с 19 моделями
2025-05-01 14:59:09,890 - dashboard - INFO - Дашборд запущен
2025-05-01 14:59:09,890 - dashboard - INFO - Дашборд запущен
2025-05-01 14:59:09,890 - dashboard - INFO - Дашборд запущен
2025-05-01 14:59:09,899 - dashboard - ERROR - Ошибка при сборе системной информации: No module named 'tensorflow'
2025-05-01 14:59:09,899 - dashboard - ERROR - Ошибка при сборе системной информации: No module named 'tensorflow'
2025-05-01 14:59:09,899 - dashboard - ERROR - Ошибка при сборе системной информации: No module named 'tensorflow'
2025-05-01 14:59:09,900 - dashboard - ERROR - Traceback (most recent call last):
  File "D:\.Ucheba\ВКР\Project E\Project-E\for_docker\visualization\dashboard.py", line 172, in log_system_info
    import tensorflow as tf
ModuleNotFoundError: No module named 'tensorflow'

2025-05-01 14:59:09,900 - dashboard - ERROR - Traceback (most recent call last):
  File "D:\.Ucheba\ВКР\Project E\Project-E\for_docker\visualization\dashboard.py", line 172, in log_system_info
    import tensorflow as tf
ModuleNotFoundError: No module named 'tensorflow'

2025-05-01 14:59:09,900 - dashboard - ERROR - Traceback (most recent call last):
  File "D:\.Ucheba\ВКР\Project E\Project-E\for_docker\visualization\dashboard.py", line 172, in log_system_info
    import tensorflow as tf
ModuleNotFoundError: No module named 'tensorflow'

2025-05-01 14:59:09,900 - dashboard - INFO - Запуск основной функции дашборда
2025-05-01 14:59:09,900 - dashboard - INFO - Запуск основной функции дашборда
2025-05-01 14:59:09,900 - dashboard - INFO - Запуск основной функции дашборда
2025-05-01 14:59:09,903 - dashboard - INFO - Загрузка историй моделей из директории: ..\model_save_preset
2025-05-01 14:59:09,903 - dashboard - INFO - Загрузка историй моделей из директории: ..\model_save_preset
2025-05-01 14:59:09,903 - dashboard - INFO - Загрузка историй моделей из директории: ..\model_save_preset
2025-05-01 14:59:09,923 - dashboard - INFO - Загружено 18 моделей из 4 групп
2025-05-01 14:59:09,923 - dashboard - INFO - Загружено 18 моделей из 4 групп
2025-05-01 14:59:09,923 - dashboard - INFO - Загружено 18 моделей из 4 групп
2025-05-01 14:59:09,930 - dashboard - INFO - Переход на страницу: Обзор моделей
2025-05-01 14:59:09,930 - dashboard - INFO - Переход на страницу: Обзор моделей
2025-05-01 14:59:09,930 - dashboard - INFO - Переход на страницу: Обзор моделей
2025-05-01 14:59:09,943 - dashboard - INFO - Создание таблицы сравнения метрик
2025-05-01 14:59:09,943 - dashboard - INFO - Создание таблицы сравнения метрик
2025-05-01 14:59:09,943 - dashboard - INFO - Создание таблицы сравнения метрик
2025-05-01 14:59:09,945 - dashboard - INFO - Создана таблица сравнения с 18 моделями
2025-05-01 14:59:09,945 - dashboard - INFO - Создана таблица сравнения с 18 моделями
2025-05-01 14:59:09,945 - dashboard - INFO - Создана таблица сравнения с 18 моделями
2025-05-01 15:19:19,937 - dashboard - INFO - Дашборд запущен
2025-05-01 15:19:19,942 - dashboard - INFO - Дашборд запущен
2025-05-01 15:19:19,942 - dashboard - INFO - Дашборд запущен
2025-05-01 15:19:19,949 - dashboard - ERROR - Ошибка при сборе системной информации: No module named 'tensorflow'
2025-05-01 15:19:19,949 - dashboard - ERROR - Ошибка при сборе системной информации: No module named 'tensorflow'
2025-05-01 15:19:19,951 - dashboard - ERROR - Traceback (most recent call last):
  File "D:\.Ucheba\ВКР\Project E\Project-E\for_docker\visualization\dashboard.py", line 172, in log_system_info
    import tensorflow as tf
ModuleNotFoundError: No module named 'tensorflow'

2025-05-01 15:19:19,951 - dashboard - ERROR - Traceback (most recent call last):
  File "D:\.Ucheba\ВКР\Project E\Project-E\for_docker\visualization\dashboard.py", line 172, in log_system_info
    import tensorflow as tf
ModuleNotFoundError: No module named 'tensorflow'

2025-05-01 15:19:19,951 - dashboard - INFO - Запуск основной функции дашборда
2025-05-01 15:19:19,951 - dashboard - INFO - Запуск основной функции дашборда
2025-05-01 15:19:21,064 - dashboard - INFO - Загрузка историй моделей из директории: ..\model_save_preset
2025-05-01 15:19:21,064 - dashboard - INFO - Загрузка историй моделей из директории: ..\model_save_preset
2025-05-01 15:19:21,075 - dashboard - INFO - Загружено 18 моделей из 4 групп
2025-05-01 15:19:21,075 - dashboard - INFO - Загружено 18 моделей из 4 групп
2025-05-01 15:19:21,077 - dashboard - INFO - Переход на страницу: Обзор моделей
2025-05-01 15:19:21,077 - dashboard - INFO - Переход на страницу: Обзор моделей
2025-05-01 15:19:21,081 - dashboard - INFO - Создание таблицы сравнения метрик
2025-05-01 15:19:21,081 - dashboard - INFO - Создание таблицы сравнения метрик
2025-05-01 15:19:21,082 - dashboard - INFO - Создана таблица сравнения с 18 моделями
2025-05-01 15:19:21,082 - dashboard - INFO - Создана таблица сравнения с 18 моделями
2025-05-01 15:20:33,418 - dashboard - INFO - Дашборд запущен
2025-05-01 15:20:33,418 - dashboard - INFO - Дашборд запущен
2025-05-01 15:20:33,418 - dashboard - INFO - Дашборд запущен
2025-05-01 15:20:33,421 - dashboard - ERROR - Ошибка при сборе системной информации: No module named 'tensorflow'
2025-05-01 15:20:33,421 - dashboard - ERROR - Ошибка при сборе системной информации: No module named 'tensorflow'
2025-05-01 15:20:33,421 - dashboard - ERROR - Ошибка при сборе системной информации: No module named 'tensorflow'
2025-05-01 15:20:33,422 - dashboard - ERROR - Traceback (most recent call last):
  File "D:\.Ucheba\ВКР\Project E\Project-E\for_docker\visualization\dashboard.py", line 172, in log_system_info
    import tensorflow as tf
ModuleNotFoundError: No module named 'tensorflow'

2025-05-01 15:20:33,422 - dashboard - ERROR - Traceback (most recent call last):
  File "D:\.Ucheba\ВКР\Project E\Project-E\for_docker\visualization\dashboard.py", line 172, in log_system_info
    import tensorflow as tf
ModuleNotFoundError: No module named 'tensorflow'

2025-05-01 15:20:33,422 - dashboard - ERROR - Traceback (most recent call last):
  File "D:\.Ucheba\ВКР\Project E\Project-E\for_docker\visualization\dashboard.py", line 172, in log_system_info
    import tensorflow as tf
ModuleNotFoundError: No module named 'tensorflow'

2025-05-01 15:20:33,423 - dashboard - INFO - Запуск основной функции дашборда
2025-05-01 15:20:33,423 - dashboard - INFO - Запуск основной функции дашборда
2025-05-01 15:20:33,423 - dashboard - INFO - Запуск основной функции дашборда
2025-05-01 15:20:33,425 - dashboard - INFO - Загрузка историй моделей из директории: ..\model_save_preset
2025-05-01 15:20:33,425 - dashboard - INFO - Загрузка историй моделей из директории: ..\model_save_preset
2025-05-01 15:20:33,425 - dashboard - INFO - Загрузка историй моделей из директории: ..\model_save_preset
2025-05-01 15:20:33,443 - dashboard - INFO - Загружено 18 моделей из 4 групп
2025-05-01 15:20:33,443 - dashboard - INFO - Загружено 18 моделей из 4 групп
2025-05-01 15:20:33,443 - dashboard - INFO - Загружено 18 моделей из 4 групп
2025-05-01 15:20:33,447 - dashboard - INFO - Переход на страницу: История обучения
2025-05-01 15:20:33,447 - dashboard - INFO - Переход на страницу: История обучения
2025-05-01 15:20:33,447 - dashboard - INFO - Переход на страницу: История обучения
2025-05-01 15:20:33,452 - dashboard - INFO - Создание таблицы сравнения метрик
2025-05-01 15:20:33,452 - dashboard - INFO - Создание таблицы сравнения метрик
2025-05-01 15:20:33,452 - dashboard - INFO - Создание таблицы сравнения метрик
2025-05-01 15:20:33,454 - dashboard - INFO - Создана таблица сравнения с 18 моделями
2025-05-01 15:20:33,454 - dashboard - INFO - Создана таблица сравнения с 18 моделями
2025-05-01 15:20:33,454 - dashboard - INFO - Создана таблица сравнения с 18 моделями
2025-05-01 15:22:32,048 - dashboard - INFO - Дашборд запущен
2025-05-01 15:22:32,048 - dashboard - INFO - Дашборд запущен
2025-05-01 15:22:32,048 - dashboard - INFO - Дашборд запущен
2025-05-01 15:22:32,048 - dashboard - INFO - Дашборд запущен
2025-05-01 15:22:32,052 - dashboard - ERROR - Ошибка при сборе системной информации: No module named 'tensorflow'
2025-05-01 15:22:32,052 - dashboard - ERROR - Ошибка при сборе системной информации: No module named 'tensorflow'
2025-05-01 15:22:32,052 - dashboard - ERROR - Ошибка при сборе системной информации: No module named 'tensorflow'
2025-05-01 15:22:32,052 - dashboard - ERROR - Ошибка при сборе системной информации: No module named 'tensorflow'
2025-05-01 15:22:32,053 - dashboard - ERROR - Traceback (most recent call last):
  File "D:\.Ucheba\ВКР\Project E\Project-E\for_docker\visualization\dashboard.py", line 172, in log_system_info
    import tensorflow as tf
ModuleNotFoundError: No module named 'tensorflow'

2025-05-01 15:22:32,053 - dashboard - ERROR - Traceback (most recent call last):
  File "D:\.Ucheba\ВКР\Project E\Project-E\for_docker\visualization\dashboard.py", line 172, in log_system_info
    import tensorflow as tf
ModuleNotFoundError: No module named 'tensorflow'

2025-05-01 15:22:32,053 - dashboard - ERROR - Traceback (most recent call last):
  File "D:\.Ucheba\ВКР\Project E\Project-E\for_docker\visualization\dashboard.py", line 172, in log_system_info
    import tensorflow as tf
ModuleNotFoundError: No module named 'tensorflow'

2025-05-01 15:22:32,053 - dashboard - ERROR - Traceback (most recent call last):
  File "D:\.Ucheba\ВКР\Project E\Project-E\for_docker\visualization\dashboard.py", line 172, in log_system_info
    import tensorflow as tf
ModuleNotFoundError: No module named 'tensorflow'

2025-05-01 15:22:32,054 - dashboard - INFO - Запуск основной функции дашборда
2025-05-01 15:22:32,054 - dashboard - INFO - Запуск основной функции дашборда
2025-05-01 15:22:32,054 - dashboard - INFO - Запуск основной функции дашборда
2025-05-01 15:22:32,054 - dashboard - INFO - Запуск основной функции дашборда
2025-05-01 15:22:32,059 - dashboard - INFO - Загрузка историй моделей из директории: ..\model_save_preset
2025-05-01 15:22:32,059 - dashboard - INFO - Загрузка историй моделей из директории: ..\model_save_preset
2025-05-01 15:22:32,059 - dashboard - INFO - Загрузка историй моделей из директории: ..\model_save_preset
2025-05-01 15:22:32,059 - dashboard - INFO - Загрузка историй моделей из директории: ..\model_save_preset
2025-05-01 15:22:32,075 - dashboard - INFO - Загружено 18 моделей из 4 групп
2025-05-01 15:22:32,075 - dashboard - INFO - Загружено 18 моделей из 4 групп
2025-05-01 15:22:32,075 - dashboard - INFO - Загружено 18 моделей из 4 групп
2025-05-01 15:22:32,075 - dashboard - INFO - Загружено 18 моделей из 4 групп
2025-05-01 15:22:32,076 - dashboard - INFO - Переход на страницу: Сравнение моделей
2025-05-01 15:22:32,076 - dashboard - INFO - Переход на страницу: Сравнение моделей
2025-05-01 15:22:32,076 - dashboard - INFO - Переход на страницу: Сравнение моделей
2025-05-01 15:22:32,076 - dashboard - INFO - Переход на страницу: Сравнение моделей
2025-05-01 15:22:32,081 - dashboard - INFO - Создание таблицы сравнения метрик
2025-05-01 15:22:32,081 - dashboard - INFO - Создание таблицы сравнения метрик
2025-05-01 15:22:32,081 - dashboard - INFO - Создание таблицы сравнения метрик
2025-05-01 15:22:32,081 - dashboard - INFO - Создание таблицы сравнения метрик
2025-05-01 15:22:32,082 - dashboard - INFO - Создана таблица сравнения с 18 моделями
2025-05-01 15:22:32,082 - dashboard - INFO - Создана таблица сравнения с 18 моделями
2025-05-01 15:22:32,082 - dashboard - INFO - Создана таблица сравнения с 18 моделями
2025-05-01 15:22:32,082 - dashboard - INFO - Создана таблица сравнения с 18 моделями
2025-05-01 15:22:41,630 - dashboard - INFO - Дашборд запущен
2025-05-01 15:22:41,630 - dashboard - INFO - Дашборд запущен
2025-05-01 15:22:41,630 - dashboard - INFO - Дашборд запущен
2025-05-01 15:22:41,630 - dashboard - INFO - Дашборд запущен
2025-05-01 15:22:41,630 - dashboard - INFO - Дашборд запущен
2025-05-01 15:22:41,634 - dashboard - ERROR - Ошибка при сборе системной информации: No module named 'tensorflow'
2025-05-01 15:22:41,634 - dashboard - ERROR - Ошибка при сборе системной информации: No module named 'tensorflow'
2025-05-01 15:22:41,634 - dashboard - ERROR - Ошибка при сборе системной информации: No module named 'tensorflow'
2025-05-01 15:22:41,634 - dashboard - ERROR - Ошибка при сборе системной информации: No module named 'tensorflow'
2025-05-01 15:22:41,634 - dashboard - ERROR - Ошибка при сборе системной информации: No module named 'tensorflow'
2025-05-01 15:22:41,635 - dashboard - ERROR - Traceback (most recent call last):
  File "D:\.Ucheba\ВКР\Project E\Project-E\for_docker\visualization\dashboard.py", line 172, in log_system_info
    import tensorflow as tf
ModuleNotFoundError: No module named 'tensorflow'

2025-05-01 15:22:41,635 - dashboard - ERROR - Traceback (most recent call last):
  File "D:\.Ucheba\ВКР\Project E\Project-E\for_docker\visualization\dashboard.py", line 172, in log_system_info
    import tensorflow as tf
ModuleNotFoundError: No module named 'tensorflow'

2025-05-01 15:22:41,635 - dashboard - ERROR - Traceback (most recent call last):
  File "D:\.Ucheba\ВКР\Project E\Project-E\for_docker\visualization\dashboard.py", line 172, in log_system_info
    import tensorflow as tf
ModuleNotFoundError: No module named 'tensorflow'

2025-05-01 15:22:41,635 - dashboard - ERROR - Traceback (most recent call last):
  File "D:\.Ucheba\ВКР\Project E\Project-E\for_docker\visualization\dashboard.py", line 172, in log_system_info
    import tensorflow as tf
ModuleNotFoundError: No module named 'tensorflow'

2025-05-01 15:22:41,635 - dashboard - ERROR - Traceback (most recent call last):
  File "D:\.Ucheba\ВКР\Project E\Project-E\for_docker\visualization\dashboard.py", line 172, in log_system_info
    import tensorflow as tf
ModuleNotFoundError: No module named 'tensorflow'

2025-05-01 15:22:41,635 - dashboard - INFO - Запуск основной функции дашборда
2025-05-01 15:22:41,635 - dashboard - INFO - Запуск основной функции дашборда
2025-05-01 15:22:41,635 - dashboard - INFO - Запуск основной функции дашборда
2025-05-01 15:22:41,635 - dashboard - INFO - Запуск основной функции дашборда
2025-05-01 15:22:41,635 - dashboard - INFO - Запуск основной функции дашборда
2025-05-01 15:22:41,637 - dashboard - INFO - Загрузка историй моделей из директории: ..\model_save_preset
2025-05-01 15:22:41,637 - dashboard - INFO - Загрузка историй моделей из директории: ..\model_save_preset
2025-05-01 15:22:41,637 - dashboard - INFO - Загрузка историй моделей из директории: ..\model_save_preset
2025-05-01 15:22:41,637 - dashboard - INFO - Загрузка историй моделей из директории: ..\model_save_preset
2025-05-01 15:22:41,637 - dashboard - INFO - Загрузка историй моделей из директории: ..\model_save_preset
2025-05-01 15:22:41,660 - dashboard - INFO - Загружено 18 моделей из 4 групп
2025-05-01 15:22:41,660 - dashboard - INFO - Загружено 18 моделей из 4 групп
2025-05-01 15:22:41,660 - dashboard - INFO - Загружено 18 моделей из 4 групп
2025-05-01 15:22:41,660 - dashboard - INFO - Загружено 18 моделей из 4 групп
2025-05-01 15:22:41,660 - dashboard - INFO - Загружено 18 моделей из 4 групп
2025-05-01 15:22:41,662 - dashboard - INFO - Переход на страницу: Сравнение моделей
2025-05-01 15:22:41,662 - dashboard - INFO - Переход на страницу: Сравнение моделей
2025-05-01 15:22:41,662 - dashboard - INFO - Переход на страницу: Сравнение моделей
2025-05-01 15:22:41,662 - dashboard - INFO - Переход на страницу: Сравнение моделей
2025-05-01 15:22:41,662 - dashboard - INFO - Переход на страницу: Сравнение моделей
2025-05-01 15:22:41,667 - dashboard - INFO - Создание таблицы сравнения метрик
2025-05-01 15:22:41,667 - dashboard - INFO - Создание таблицы сравнения метрик
2025-05-01 15:22:41,667 - dashboard - INFO - Создание таблицы сравнения метрик
2025-05-01 15:22:41,667 - dashboard - INFO - Создание таблицы сравнения метрик
2025-05-01 15:22:41,667 - dashboard - INFO - Создание таблицы сравнения метрик
2025-05-01 15:22:41,668 - dashboard - INFO - Создана таблица сравнения с 18 моделями
2025-05-01 15:22:41,668 - dashboard - INFO - Создана таблица сравнения с 18 моделями
2025-05-01 15:22:41,668 - dashboard - INFO - Создана таблица сравнения с 18 моделями
2025-05-01 15:22:41,668 - dashboard - INFO - Создана таблица сравнения с 18 моделями
2025-05-01 15:22:41,668 - dashboard - INFO - Создана таблица сравнения с 18 моделями
2025-05-01 15:22:46,297 - dashboard - INFO - Дашборд запущен
2025-05-01 15:22:46,297 - dashboard - INFO - Дашборд запущен
2025-05-01 15:22:46,297 - dashboard - INFO - Дашборд запущен
2025-05-01 15:22:46,297 - dashboard - INFO - Дашборд запущен
2025-05-01 15:22:46,297 - dashboard - INFO - Дашборд запущен
2025-05-01 15:22:46,297 - dashboard - INFO - Дашборд запущен
2025-05-01 15:22:46,303 - dashboard - ERROR - Ошибка при сборе системной информации: No module named 'tensorflow'
2025-05-01 15:22:46,303 - dashboard - ERROR - Ошибка при сборе системной информации: No module named 'tensorflow'
2025-05-01 15:22:46,303 - dashboard - ERROR - Ошибка при сборе системной информации: No module named 'tensorflow'
2025-05-01 15:22:46,303 - dashboard - ERROR - Ошибка при сборе системной информации: No module named 'tensorflow'
2025-05-01 15:22:46,303 - dashboard - ERROR - Ошибка при сборе системной информации: No module named 'tensorflow'
2025-05-01 15:22:46,303 - dashboard - ERROR - Ошибка при сборе системной информации: No module named 'tensorflow'
2025-05-01 15:22:46,303 - dashboard - ERROR - Traceback (most recent call last):
  File "D:\.Ucheba\ВКР\Project E\Project-E\for_docker\visualization\dashboard.py", line 172, in log_system_info
    import tensorflow as tf
ModuleNotFoundError: No module named 'tensorflow'

2025-05-01 15:22:46,303 - dashboard - ERROR - Traceback (most recent call last):
  File "D:\.Ucheba\ВКР\Project E\Project-E\for_docker\visualization\dashboard.py", line 172, in log_system_info
    import tensorflow as tf
ModuleNotFoundError: No module named 'tensorflow'

2025-05-01 15:22:46,303 - dashboard - ERROR - Traceback (most recent call last):
  File "D:\.Ucheba\ВКР\Project E\Project-E\for_docker\visualization\dashboard.py", line 172, in log_system_info
    import tensorflow as tf
ModuleNotFoundError: No module named 'tensorflow'

2025-05-01 15:22:46,303 - dashboard - ERROR - Traceback (most recent call last):
  File "D:\.Ucheba\ВКР\Project E\Project-E\for_docker\visualization\dashboard.py", line 172, in log_system_info
    import tensorflow as tf
ModuleNotFoundError: No module named 'tensorflow'

2025-05-01 15:22:46,303 - dashboard - ERROR - Traceback (most recent call last):
  File "D:\.Ucheba\ВКР\Project E\Project-E\for_docker\visualization\dashboard.py", line 172, in log_system_info
    import tensorflow as tf
ModuleNotFoundError: No module named 'tensorflow'

2025-05-01 15:22:46,303 - dashboard - ERROR - Traceback (most recent call last):
  File "D:\.Ucheba\ВКР\Project E\Project-E\for_docker\visualization\dashboard.py", line 172, in log_system_info
    import tensorflow as tf
ModuleNotFoundError: No module named 'tensorflow'

2025-05-01 15:22:46,305 - dashboard - INFO - Запуск основной функции дашборда
2025-05-01 15:22:46,305 - dashboard - INFO - Запуск основной функции дашборда
2025-05-01 15:22:46,305 - dashboard - INFO - Запуск основной функции дашборда
2025-05-01 15:22:46,305 - dashboard - INFO - Запуск основной функции дашборда
2025-05-01 15:22:46,305 - dashboard - INFO - Запуск основной функции дашборда
2025-05-01 15:22:46,305 - dashboard - INFO - Запуск основной функции дашборда
2025-05-01 15:22:46,308 - dashboard - INFO - Загрузка историй моделей из директории: ..\model_save_preset
2025-05-01 15:22:46,308 - dashboard - INFO - Загрузка историй моделей из директории: ..\model_save_preset
2025-05-01 15:22:46,308 - dashboard - INFO - Загрузка историй моделей из директории: ..\model_save_preset
2025-05-01 15:22:46,308 - dashboard - INFO - Загрузка историй моделей из директории: ..\model_save_preset
2025-05-01 15:22:46,308 - dashboard - INFO - Загрузка историй моделей из директории: ..\model_save_preset
2025-05-01 15:22:46,308 - dashboard - INFO - Загрузка историй моделей из директории: ..\model_save_preset
2025-05-01 15:22:46,324 - dashboard - INFO - Загружено 18 моделей из 4 групп
2025-05-01 15:22:46,324 - dashboard - INFO - Загружено 18 моделей из 4 групп
2025-05-01 15:22:46,324 - dashboard - INFO - Загружено 18 моделей из 4 групп
2025-05-01 15:22:46,324 - dashboard - INFO - Загружено 18 моделей из 4 групп
2025-05-01 15:22:46,324 - dashboard - INFO - Загружено 18 моделей из 4 групп
2025-05-01 15:22:46,324 - dashboard - INFO - Загружено 18 моделей из 4 групп
2025-05-01 15:22:46,330 - dashboard - INFO - Переход на страницу: Сравнение моделей
2025-05-01 15:22:46,330 - dashboard - INFO - Переход на страницу: Сравнение моделей
2025-05-01 15:22:46,330 - dashboard - INFO - Переход на страницу: Сравнение моделей
2025-05-01 15:22:46,330 - dashboard - INFO - Переход на страницу: Сравнение моделей
2025-05-01 15:22:46,330 - dashboard - INFO - Переход на страницу: Сравнение моделей
2025-05-01 15:22:46,330 - dashboard - INFO - Переход на страницу: Сравнение моделей
2025-05-01 15:22:46,334 - dashboard - INFO - Создание таблицы сравнения метрик
2025-05-01 15:22:46,334 - dashboard - INFO - Создание таблицы сравнения метрик
2025-05-01 15:22:46,334 - dashboard - INFO - Создание таблицы сравнения метрик
2025-05-01 15:22:46,334 - dashboard - INFO - Создание таблицы сравнения метрик
2025-05-01 15:22:46,334 - dashboard - INFO - Создание таблицы сравнения метрик
2025-05-01 15:22:46,334 - dashboard - INFO - Создание таблицы сравнения метрик
2025-05-01 15:22:46,338 - dashboard - INFO - Создана таблица сравнения с 18 моделями
2025-05-01 15:22:46,338 - dashboard - INFO - Создана таблица сравнения с 18 моделями
2025-05-01 15:22:46,338 - dashboard - INFO - Создана таблица сравнения с 18 моделями
2025-05-01 15:22:46,338 - dashboard - INFO - Создана таблица сравнения с 18 моделями
2025-05-01 15:22:46,338 - dashboard - INFO - Создана таблица сравнения с 18 моделями
2025-05-01 15:22:46,338 - dashboard - INFO - Создана таблица сравнения с 18 моделями
2025-05-01 15:23:01,585 - dashboard - INFO - Дашборд запущен
2025-05-01 15:23:01,585 - dashboard - INFO - Дашборд запущен
2025-05-01 15:23:01,585 - dashboard - INFO - Дашборд запущен
2025-05-01 15:23:01,585 - dashboard - INFO - Дашборд запущен
2025-05-01 15:23:01,585 - dashboard - INFO - Дашборд запущен
2025-05-01 15:23:01,585 - dashboard - INFO - Дашборд запущен
2025-05-01 15:23:01,585 - dashboard - INFO - Дашборд запущен
2025-05-01 15:23:01,590 - dashboard - ERROR - Ошибка при сборе системной информации: No module named 'tensorflow'
2025-05-01 15:23:01,590 - dashboard - ERROR - Ошибка при сборе системной информации: No module named 'tensorflow'
2025-05-01 15:23:01,590 - dashboard - ERROR - Ошибка при сборе системной информации: No module named 'tensorflow'
2025-05-01 15:23:01,590 - dashboard - ERROR - Ошибка при сборе системной информации: No module named 'tensorflow'
2025-05-01 15:23:01,590 - dashboard - ERROR - Ошибка при сборе системной информации: No module named 'tensorflow'
2025-05-01 15:23:01,590 - dashboard - ERROR - Ошибка при сборе системной информации: No module named 'tensorflow'
2025-05-01 15:23:01,590 - dashboard - ERROR - Ошибка при сборе системной информации: No module named 'tensorflow'
2025-05-01 15:23:01,592 - dashboard - ERROR - Traceback (most recent call last):
  File "D:\.Ucheba\ВКР\Project E\Project-E\for_docker\visualization\dashboard.py", line 172, in log_system_info
    import tensorflow as tf
ModuleNotFoundError: No module named 'tensorflow'

2025-05-01 15:23:01,592 - dashboard - ERROR - Traceback (most recent call last):
  File "D:\.Ucheba\ВКР\Project E\Project-E\for_docker\visualization\dashboard.py", line 172, in log_system_info
    import tensorflow as tf
ModuleNotFoundError: No module named 'tensorflow'

2025-05-01 15:23:01,592 - dashboard - ERROR - Traceback (most recent call last):
  File "D:\.Ucheba\ВКР\Project E\Project-E\for_docker\visualization\dashboard.py", line 172, in log_system_info
    import tensorflow as tf
ModuleNotFoundError: No module named 'tensorflow'

2025-05-01 15:23:01,592 - dashboard - ERROR - Traceback (most recent call last):
  File "D:\.Ucheba\ВКР\Project E\Project-E\for_docker\visualization\dashboard.py", line 172, in log_system_info
    import tensorflow as tf
ModuleNotFoundError: No module named 'tensorflow'

2025-05-01 15:23:01,592 - dashboard - ERROR - Traceback (most recent call last):
  File "D:\.Ucheba\ВКР\Project E\Project-E\for_docker\visualization\dashboard.py", line 172, in log_system_info
    import tensorflow as tf
ModuleNotFoundError: No module named 'tensorflow'

2025-05-01 15:23:01,592 - dashboard - ERROR - Traceback (most recent call last):
  File "D:\.Ucheba\ВКР\Project E\Project-E\for_docker\visualization\dashboard.py", line 172, in log_system_info
    import tensorflow as tf
ModuleNotFoundError: No module named 'tensorflow'

2025-05-01 15:23:01,592 - dashboard - ERROR - Traceback (most recent call last):
  File "D:\.Ucheba\ВКР\Project E\Project-E\for_docker\visualization\dashboard.py", line 172, in log_system_info
    import tensorflow as tf
ModuleNotFoundError: No module named 'tensorflow'

2025-05-01 15:23:01,592 - dashboard - INFO - Запуск основной функции дашборда
2025-05-01 15:23:01,592 - dashboard - INFO - Запуск основной функции дашборда
2025-05-01 15:23:01,592 - dashboard - INFO - Запуск основной функции дашборда
2025-05-01 15:23:01,592 - dashboard - INFO - Запуск основной функции дашборда
2025-05-01 15:23:01,592 - dashboard - INFO - Запуск основной функции дашборда
2025-05-01 15:23:01,592 - dashboard - INFO - Запуск основной функции дашборда
2025-05-01 15:23:01,592 - dashboard - INFO - Запуск основной функции дашборда
2025-05-01 15:23:01,594 - dashboard - INFO - Загрузка историй моделей из директории: ..\model_save_preset
2025-05-01 15:23:01,594 - dashboard - INFO - Загрузка историй моделей из директории: ..\model_save_preset
2025-05-01 15:23:01,594 - dashboard - INFO - Загрузка историй моделей из директории: ..\model_save_preset
2025-05-01 15:23:01,594 - dashboard - INFO - Загрузка историй моделей из директории: ..\model_save_preset
2025-05-01 15:23:01,594 - dashboard - INFO - Загрузка историй моделей из директории: ..\model_save_preset
2025-05-01 15:23:01,594 - dashboard - INFO - Загрузка историй моделей из директории: ..\model_save_preset
2025-05-01 15:23:01,594 - dashboard - INFO - Загрузка историй моделей из директории: ..\model_save_preset
2025-05-01 15:23:01,615 - dashboard - INFO - Загружено 18 моделей из 4 групп
2025-05-01 15:23:01,615 - dashboard - INFO - Загружено 18 моделей из 4 групп
2025-05-01 15:23:01,615 - dashboard - INFO - Загружено 18 моделей из 4 групп
2025-05-01 15:23:01,615 - dashboard - INFO - Загружено 18 моделей из 4 групп
2025-05-01 15:23:01,615 - dashboard - INFO - Загружено 18 моделей из 4 групп
2025-05-01 15:23:01,615 - dashboard - INFO - Загружено 18 моделей из 4 групп
2025-05-01 15:23:01,615 - dashboard - INFO - Загружено 18 моделей из 4 групп
2025-05-01 15:23:01,617 - dashboard - INFO - Переход на страницу: Сравнение моделей
2025-05-01 15:23:01,617 - dashboard - INFO - Переход на страницу: Сравнение моделей
2025-05-01 15:23:01,617 - dashboard - INFO - Переход на страницу: Сравнение моделей
2025-05-01 15:23:01,617 - dashboard - INFO - Переход на страницу: Сравнение моделей
2025-05-01 15:23:01,617 - dashboard - INFO - Переход на страницу: Сравнение моделей
2025-05-01 15:23:01,617 - dashboard - INFO - Переход на страницу: Сравнение моделей
2025-05-01 15:23:01,617 - dashboard - INFO - Переход на страницу: Сравнение моделей
2025-05-01 15:23:01,624 - dashboard - INFO - Создание таблицы сравнения метрик
2025-05-01 15:23:01,624 - dashboard - INFO - Создание таблицы сравнения метрик
2025-05-01 15:23:01,624 - dashboard - INFO - Создание таблицы сравнения метрик
2025-05-01 15:23:01,624 - dashboard - INFO - Создание таблицы сравнения метрик
2025-05-01 15:23:01,624 - dashboard - INFO - Создание таблицы сравнения метрик
2025-05-01 15:23:01,624 - dashboard - INFO - Создание таблицы сравнения метрик
2025-05-01 15:23:01,624 - dashboard - INFO - Создание таблицы сравнения метрик
2025-05-01 15:23:01,626 - dashboard - INFO - Создана таблица сравнения с 18 моделями
2025-05-01 15:23:01,626 - dashboard - INFO - Создана таблица сравнения с 18 моделями
2025-05-01 15:23:01,626 - dashboard - INFO - Создана таблица сравнения с 18 моделями
2025-05-01 15:23:01,626 - dashboard - INFO - Создана таблица сравнения с 18 моделями
2025-05-01 15:23:01,626 - dashboard - INFO - Создана таблица сравнения с 18 моделями
2025-05-01 15:23:01,626 - dashboard - INFO - Создана таблица сравнения с 18 моделями
2025-05-01 15:23:01,626 - dashboard - INFO - Создана таблица сравнения с 18 моделями
2025-05-01 15:23:20,226 - dashboard - INFO - Дашборд запущен
2025-05-01 15:23:20,226 - dashboard - INFO - Дашборд запущен
2025-05-01 15:23:20,226 - dashboard - INFO - Дашборд запущен
2025-05-01 15:23:20,226 - dashboard - INFO - Дашборд запущен
2025-05-01 15:23:20,226 - dashboard - INFO - Дашборд запущен
2025-05-01 15:23:20,226 - dashboard - INFO - Дашборд запущен
2025-05-01 15:23:20,226 - dashboard - INFO - Дашборд запущен
2025-05-01 15:23:20,226 - dashboard - INFO - Дашборд запущен
2025-05-01 15:23:20,231 - dashboard - ERROR - Ошибка при сборе системной информации: No module named 'tensorflow'
2025-05-01 15:23:20,231 - dashboard - ERROR - Ошибка при сборе системной информации: No module named 'tensorflow'
2025-05-01 15:23:20,231 - dashboard - ERROR - Ошибка при сборе системной информации: No module named 'tensorflow'
2025-05-01 15:23:20,231 - dashboard - ERROR - Ошибка при сборе системной информации: No module named 'tensorflow'
2025-05-01 15:23:20,231 - dashboard - ERROR - Ошибка при сборе системной информации: No module named 'tensorflow'
2025-05-01 15:23:20,231 - dashboard - ERROR - Ошибка при сборе системной информации: No module named 'tensorflow'
2025-05-01 15:23:20,231 - dashboard - ERROR - Ошибка при сборе системной информации: No module named 'tensorflow'
2025-05-01 15:23:20,231 - dashboard - ERROR - Ошибка при сборе системной информации: No module named 'tensorflow'
2025-05-01 15:23:20,232 - dashboard - ERROR - Traceback (most recent call last):
  File "D:\.Ucheba\ВКР\Project E\Project-E\for_docker\visualization\dashboard.py", line 172, in log_system_info
    import tensorflow as tf
ModuleNotFoundError: No module named 'tensorflow'

2025-05-01 15:23:20,232 - dashboard - ERROR - Traceback (most recent call last):
  File "D:\.Ucheba\ВКР\Project E\Project-E\for_docker\visualization\dashboard.py", line 172, in log_system_info
    import tensorflow as tf
ModuleNotFoundError: No module named 'tensorflow'

2025-05-01 15:23:20,232 - dashboard - ERROR - Traceback (most recent call last):
  File "D:\.Ucheba\ВКР\Project E\Project-E\for_docker\visualization\dashboard.py", line 172, in log_system_info
    import tensorflow as tf
ModuleNotFoundError: No module named 'tensorflow'

2025-05-01 15:23:20,232 - dashboard - ERROR - Traceback (most recent call last):
  File "D:\.Ucheba\ВКР\Project E\Project-E\for_docker\visualization\dashboard.py", line 172, in log_system_info
    import tensorflow as tf
ModuleNotFoundError: No module named 'tensorflow'

2025-05-01 15:23:20,232 - dashboard - ERROR - Traceback (most recent call last):
  File "D:\.Ucheba\ВКР\Project E\Project-E\for_docker\visualization\dashboard.py", line 172, in log_system_info
    import tensorflow as tf
ModuleNotFoundError: No module named 'tensorflow'

2025-05-01 15:23:20,232 - dashboard - ERROR - Traceback (most recent call last):
  File "D:\.Ucheba\ВКР\Project E\Project-E\for_docker\visualization\dashboard.py", line 172, in log_system_info
    import tensorflow as tf
ModuleNotFoundError: No module named 'tensorflow'

2025-05-01 15:23:20,232 - dashboard - ERROR - Traceback (most recent call last):
  File "D:\.Ucheba\ВКР\Project E\Project-E\for_docker\visualization\dashboard.py", line 172, in log_system_info
    import tensorflow as tf
ModuleNotFoundError: No module named 'tensorflow'

2025-05-01 15:23:20,232 - dashboard - ERROR - Traceback (most recent call last):
  File "D:\.Ucheba\ВКР\Project E\Project-E\for_docker\visualization\dashboard.py", line 172, in log_system_info
    import tensorflow as tf
ModuleNotFoundError: No module named 'tensorflow'

2025-05-01 15:23:20,233 - dashboard - INFO - Запуск основной функции дашборда
2025-05-01 15:23:20,233 - dashboard - INFO - Запуск основной функции дашборда
2025-05-01 15:23:20,233 - dashboard - INFO - Запуск основной функции дашборда
2025-05-01 15:23:20,233 - dashboard - INFO - Запуск основной функции дашборда
2025-05-01 15:23:20,233 - dashboard - INFO - Запуск основной функции дашборда
2025-05-01 15:23:20,233 - dashboard - INFO - Запуск основной функции дашборда
2025-05-01 15:23:20,233 - dashboard - INFO - Запуск основной функции дашборда
2025-05-01 15:23:20,233 - dashboard - INFO - Запуск основной функции дашборда
2025-05-01 15:23:20,236 - dashboard - INFO - Загрузка историй моделей из директории: ..\model_save_preset
2025-05-01 15:23:20,236 - dashboard - INFO - Загрузка историй моделей из директории: ..\model_save_preset
2025-05-01 15:23:20,236 - dashboard - INFO - Загрузка историй моделей из директории: ..\model_save_preset
2025-05-01 15:23:20,236 - dashboard - INFO - Загрузка историй моделей из директории: ..\model_save_preset
2025-05-01 15:23:20,236 - dashboard - INFO - Загрузка историй моделей из директории: ..\model_save_preset
2025-05-01 15:23:20,236 - dashboard - INFO - Загрузка историй моделей из директории: ..\model_save_preset
2025-05-01 15:23:20,236 - dashboard - INFO - Загрузка историй моделей из директории: ..\model_save_preset
2025-05-01 15:23:20,236 - dashboard - INFO - Загрузка историй моделей из директории: ..\model_save_preset
2025-05-01 15:23:20,255 - dashboard - INFO - Загружено 18 моделей из 4 групп
2025-05-01 15:23:20,255 - dashboard - INFO - Загружено 18 моделей из 4 групп
2025-05-01 15:23:20,255 - dashboard - INFO - Загружено 18 моделей из 4 групп
2025-05-01 15:23:20,255 - dashboard - INFO - Загружено 18 моделей из 4 групп
2025-05-01 15:23:20,255 - dashboard - INFO - Загружено 18 моделей из 4 групп
2025-05-01 15:23:20,255 - dashboard - INFO - Загружено 18 моделей из 4 групп
2025-05-01 15:23:20,255 - dashboard - INFO - Загружено 18 моделей из 4 групп
2025-05-01 15:23:20,255 - dashboard - INFO - Загружено 18 моделей из 4 групп
2025-05-01 15:23:20,258 - dashboard - INFO - Переход на страницу: Сравнение моделей
2025-05-01 15:23:20,258 - dashboard - INFO - Переход на страницу: Сравнение моделей
2025-05-01 15:23:20,258 - dashboard - INFO - Переход на страницу: Сравнение моделей
2025-05-01 15:23:20,258 - dashboard - INFO - Переход на страницу: Сравнение моделей
2025-05-01 15:23:20,258 - dashboard - INFO - Переход на страницу: Сравнение моделей
2025-05-01 15:23:20,258 - dashboard - INFO - Переход на страницу: Сравнение моделей
2025-05-01 15:23:20,258 - dashboard - INFO - Переход на страницу: Сравнение моделей
2025-05-01 15:23:20,258 - dashboard - INFO - Переход на страницу: Сравнение моделей
2025-05-01 15:23:20,264 - dashboard - INFO - Создание таблицы сравнения метрик
2025-05-01 15:23:20,264 - dashboard - INFO - Создание таблицы сравнения метрик
2025-05-01 15:23:20,264 - dashboard - INFO - Создание таблицы сравнения метрик
2025-05-01 15:23:20,264 - dashboard - INFO - Создание таблицы сравнения метрик
2025-05-01 15:23:20,264 - dashboard - INFO - Создание таблицы сравнения метрик
2025-05-01 15:23:20,264 - dashboard - INFO - Создание таблицы сравнения метрик
2025-05-01 15:23:20,264 - dashboard - INFO - Создание таблицы сравнения метрик
2025-05-01 15:23:20,264 - dashboard - INFO - Создание таблицы сравнения метрик
2025-05-01 15:23:20,270 - dashboard - INFO - Создана таблица сравнения с 18 моделями
2025-05-01 15:23:20,270 - dashboard - INFO - Создана таблица сравнения с 18 моделями
2025-05-01 15:23:20,270 - dashboard - INFO - Создана таблица сравнения с 18 моделями
2025-05-01 15:23:20,270 - dashboard - INFO - Создана таблица сравнения с 18 моделями
2025-05-01 15:23:20,270 - dashboard - INFO - Создана таблица сравнения с 18 моделями
2025-05-01 15:23:20,270 - dashboard - INFO - Создана таблица сравнения с 18 моделями
2025-05-01 15:23:20,270 - dashboard - INFO - Создана таблица сравнения с 18 моделями
2025-05-01 15:23:20,270 - dashboard - INFO - Создана таблица сравнения с 18 моделями
2025-05-01 15:23:25,307 - dashboard - INFO - Дашборд запущен
2025-05-01 15:23:25,307 - dashboard - INFO - Дашборд запущен
2025-05-01 15:23:25,307 - dashboard - INFO - Дашборд запущен
2025-05-01 15:23:25,307 - dashboard - INFO - Дашборд запущен
2025-05-01 15:23:25,307 - dashboard - INFO - Дашборд запущен
2025-05-01 15:23:25,307 - dashboard - INFO - Дашборд запущен
2025-05-01 15:23:25,307 - dashboard - INFO - Дашборд запущен
2025-05-01 15:23:25,307 - dashboard - INFO - Дашборд запущен
2025-05-01 15:23:25,307 - dashboard - INFO - Дашборд запущен
2025-05-01 15:23:25,312 - dashboard - ERROR - Ошибка при сборе системной информации: No module named 'tensorflow'
2025-05-01 15:23:25,312 - dashboard - ERROR - Ошибка при сборе системной информации: No module named 'tensorflow'
2025-05-01 15:23:25,312 - dashboard - ERROR - Ошибка при сборе системной информации: No module named 'tensorflow'
2025-05-01 15:23:25,312 - dashboard - ERROR - Ошибка при сборе системной информации: No module named 'tensorflow'
2025-05-01 15:23:25,312 - dashboard - ERROR - Ошибка при сборе системной информации: No module named 'tensorflow'
2025-05-01 15:23:25,312 - dashboard - ERROR - Ошибка при сборе системной информации: No module named 'tensorflow'
2025-05-01 15:23:25,312 - dashboard - ERROR - Ошибка при сборе системной информации: No module named 'tensorflow'
2025-05-01 15:23:25,312 - dashboard - ERROR - Ошибка при сборе системной информации: No module named 'tensorflow'
2025-05-01 15:23:25,312 - dashboard - ERROR - Ошибка при сборе системной информации: No module named 'tensorflow'
2025-05-01 15:23:25,313 - dashboard - ERROR - Traceback (most recent call last):
  File "D:\.Ucheba\ВКР\Project E\Project-E\for_docker\visualization\dashboard.py", line 172, in log_system_info
    import tensorflow as tf
ModuleNotFoundError: No module named 'tensorflow'

2025-05-01 15:23:25,313 - dashboard - ERROR - Traceback (most recent call last):
  File "D:\.Ucheba\ВКР\Project E\Project-E\for_docker\visualization\dashboard.py", line 172, in log_system_info
    import tensorflow as tf
ModuleNotFoundError: No module named 'tensorflow'

2025-05-01 15:23:25,313 - dashboard - ERROR - Traceback (most recent call last):
  File "D:\.Ucheba\ВКР\Project E\Project-E\for_docker\visualization\dashboard.py", line 172, in log_system_info
    import tensorflow as tf
ModuleNotFoundError: No module named 'tensorflow'

2025-05-01 15:23:25,313 - dashboard - ERROR - Traceback (most recent call last):
  File "D:\.Ucheba\ВКР\Project E\Project-E\for_docker\visualization\dashboard.py", line 172, in log_system_info
    import tensorflow as tf
ModuleNotFoundError: No module named 'tensorflow'

2025-05-01 15:23:25,313 - dashboard - ERROR - Traceback (most recent call last):
  File "D:\.Ucheba\ВКР\Project E\Project-E\for_docker\visualization\dashboard.py", line 172, in log_system_info
    import tensorflow as tf
ModuleNotFoundError: No module named 'tensorflow'

2025-05-01 15:23:25,313 - dashboard - ERROR - Traceback (most recent call last):
  File "D:\.Ucheba\ВКР\Project E\Project-E\for_docker\visualization\dashboard.py", line 172, in log_system_info
    import tensorflow as tf
ModuleNotFoundError: No module named 'tensorflow'

2025-05-01 15:23:25,313 - dashboard - ERROR - Traceback (most recent call last):
  File "D:\.Ucheba\ВКР\Project E\Project-E\for_docker\visualization\dashboard.py", line 172, in log_system_info
    import tensorflow as tf
ModuleNotFoundError: No module named 'tensorflow'

2025-05-01 15:23:25,313 - dashboard - ERROR - Traceback (most recent call last):
  File "D:\.Ucheba\ВКР\Project E\Project-E\for_docker\visualization\dashboard.py", line 172, in log_system_info
    import tensorflow as tf
ModuleNotFoundError: No module named 'tensorflow'

2025-05-01 15:23:25,313 - dashboard - ERROR - Traceback (most recent call last):
  File "D:\.Ucheba\ВКР\Project E\Project-E\for_docker\visualization\dashboard.py", line 172, in log_system_info
    import tensorflow as tf
ModuleNotFoundError: No module named 'tensorflow'

2025-05-01 15:23:25,314 - dashboard - INFO - Запуск основной функции дашборда
2025-05-01 15:23:25,314 - dashboard - INFO - Запуск основной функции дашборда
2025-05-01 15:23:25,314 - dashboard - INFO - Запуск основной функции дашборда
2025-05-01 15:23:25,314 - dashboard - INFO - Запуск основной функции дашборда
2025-05-01 15:23:25,314 - dashboard - INFO - Запуск основной функции дашборда
2025-05-01 15:23:25,314 - dashboard - INFO - Запуск основной функции дашборда
2025-05-01 15:23:25,314 - dashboard - INFO - Запуск основной функции дашборда
2025-05-01 15:23:25,314 - dashboard - INFO - Запуск основной функции дашборда
2025-05-01 15:23:25,314 - dashboard - INFO - Запуск основной функции дашборда
2025-05-01 15:23:25,318 - dashboard - INFO - Загрузка историй моделей из директории: ..\model_save_preset
2025-05-01 15:23:25,318 - dashboard - INFO - Загрузка историй моделей из директории: ..\model_save_preset
2025-05-01 15:23:25,318 - dashboard - INFO - Загрузка историй моделей из директории: ..\model_save_preset
2025-05-01 15:23:25,318 - dashboard - INFO - Загрузка историй моделей из директории: ..\model_save_preset
2025-05-01 15:23:25,318 - dashboard - INFO - Загрузка историй моделей из директории: ..\model_save_preset
2025-05-01 15:23:25,318 - dashboard - INFO - Загрузка историй моделей из директории: ..\model_save_preset
2025-05-01 15:23:25,318 - dashboard - INFO - Загрузка историй моделей из директории: ..\model_save_preset
2025-05-01 15:23:25,318 - dashboard - INFO - Загрузка историй моделей из директории: ..\model_save_preset
2025-05-01 15:23:25,318 - dashboard - INFO - Загрузка историй моделей из директории: ..\model_save_preset
2025-05-01 15:23:25,337 - dashboard - INFO - Загружено 18 моделей из 4 групп
2025-05-01 15:23:25,337 - dashboard - INFO - Загружено 18 моделей из 4 групп
2025-05-01 15:23:25,337 - dashboard - INFO - Загружено 18 моделей из 4 групп
2025-05-01 15:23:25,337 - dashboard - INFO - Загружено 18 моделей из 4 групп
2025-05-01 15:23:25,337 - dashboard - INFO - Загружено 18 моделей из 4 групп
2025-05-01 15:23:25,337 - dashboard - INFO - Загружено 18 моделей из 4 групп
2025-05-01 15:23:25,337 - dashboard - INFO - Загружено 18 моделей из 4 групп
2025-05-01 15:23:25,337 - dashboard - INFO - Загружено 18 моделей из 4 групп
2025-05-01 15:23:25,337 - dashboard - INFO - Загружено 18 моделей из 4 групп
2025-05-01 15:23:25,342 - dashboard - INFO - Переход на страницу: Лучшие модели
2025-05-01 15:23:25,342 - dashboard - INFO - Переход на страницу: Лучшие модели
2025-05-01 15:23:25,342 - dashboard - INFO - Переход на страницу: Лучшие модели
2025-05-01 15:23:25,342 - dashboard - INFO - Переход на страницу: Лучшие модели
2025-05-01 15:23:25,342 - dashboard - INFO - Переход на страницу: Лучшие модели
2025-05-01 15:23:25,342 - dashboard - INFO - Переход на страницу: Лучшие модели
2025-05-01 15:23:25,342 - dashboard - INFO - Переход на страницу: Лучшие модели
2025-05-01 15:23:25,342 - dashboard - INFO - Переход на страницу: Лучшие модели
2025-05-01 15:23:25,342 - dashboard - INFO - Переход на страницу: Лучшие модели
2025-05-01 15:23:25,349 - dashboard - INFO - Создание таблицы сравнения метрик
2025-05-01 15:23:25,349 - dashboard - INFO - Создание таблицы сравнения метрик
2025-05-01 15:23:25,349 - dashboard - INFO - Создание таблицы сравнения метрик
2025-05-01 15:23:25,349 - dashboard - INFO - Создание таблицы сравнения метрик
2025-05-01 15:23:25,349 - dashboard - INFO - Создание таблицы сравнения метрик
2025-05-01 15:23:25,349 - dashboard - INFO - Создание таблицы сравнения метрик
2025-05-01 15:23:25,349 - dashboard - INFO - Создание таблицы сравнения метрик
2025-05-01 15:23:25,349 - dashboard - INFO - Создание таблицы сравнения метрик
2025-05-01 15:23:25,349 - dashboard - INFO - Создание таблицы сравнения метрик
2025-05-01 15:23:25,352 - dashboard - INFO - Создана таблица сравнения с 18 моделями
2025-05-01 15:23:25,352 - dashboard - INFO - Создана таблица сравнения с 18 моделями
2025-05-01 15:23:25,352 - dashboard - INFO - Создана таблица сравнения с 18 моделями
2025-05-01 15:23:25,352 - dashboard - INFO - Создана таблица сравнения с 18 моделями
2025-05-01 15:23:25,352 - dashboard - INFO - Создана таблица сравнения с 18 моделями
2025-05-01 15:23:25,352 - dashboard - INFO - Создана таблица сравнения с 18 моделями
2025-05-01 15:23:25,352 - dashboard - INFO - Создана таблица сравнения с 18 моделями
2025-05-01 15:23:25,352 - dashboard - INFO - Создана таблица сравнения с 18 моделями
2025-05-01 15:23:25,352 - dashboard - INFO - Создана таблица сравнения с 18 моделями
2025-05-01 15:23:43,136 - dashboard - INFO - Дашборд запущен
2025-05-01 15:23:43,136 - dashboard - INFO - Дашборд запущен
2025-05-01 15:23:43,136 - dashboard - INFO - Дашборд запущен
2025-05-01 15:23:43,136 - dashboard - INFO - Дашборд запущен
2025-05-01 15:23:43,136 - dashboard - INFO - Дашборд запущен
2025-05-01 15:23:43,136 - dashboard - INFO - Дашборд запущен
2025-05-01 15:23:43,136 - dashboard - INFO - Дашборд запущен
2025-05-01 15:23:43,136 - dashboard - INFO - Дашборд запущен
2025-05-01 15:23:43,136 - dashboard - INFO - Дашборд запущен
2025-05-01 15:23:43,136 - dashboard - INFO - Дашборд запущен
2025-05-01 15:23:43,141 - dashboard - ERROR - Ошибка при сборе системной информации: No module named 'tensorflow'
2025-05-01 15:23:43,141 - dashboard - ERROR - Ошибка при сборе системной информации: No module named 'tensorflow'
2025-05-01 15:23:43,141 - dashboard - ERROR - Ошибка при сборе системной информации: No module named 'tensorflow'
2025-05-01 15:23:43,141 - dashboard - ERROR - Ошибка при сборе системной информации: No module named 'tensorflow'
2025-05-01 15:23:43,141 - dashboard - ERROR - Ошибка при сборе системной информации: No module named 'tensorflow'
2025-05-01 15:23:43,141 - dashboard - ERROR - Ошибка при сборе системной информации: No module named 'tensorflow'
2025-05-01 15:23:43,141 - dashboard - ERROR - Ошибка при сборе системной информации: No module named 'tensorflow'
2025-05-01 15:23:43,141 - dashboard - ERROR - Ошибка при сборе системной информации: No module named 'tensorflow'
2025-05-01 15:23:43,141 - dashboard - ERROR - Ошибка при сборе системной информации: No module named 'tensorflow'
2025-05-01 15:23:43,141 - dashboard - ERROR - Ошибка при сборе системной информации: No module named 'tensorflow'
2025-05-01 15:23:43,142 - dashboard - ERROR - Traceback (most recent call last):
  File "D:\.Ucheba\ВКР\Project E\Project-E\for_docker\visualization\dashboard.py", line 172, in log_system_info
    import tensorflow as tf
ModuleNotFoundError: No module named 'tensorflow'

2025-05-01 15:23:43,142 - dashboard - ERROR - Traceback (most recent call last):
  File "D:\.Ucheba\ВКР\Project E\Project-E\for_docker\visualization\dashboard.py", line 172, in log_system_info
    import tensorflow as tf
ModuleNotFoundError: No module named 'tensorflow'

2025-05-01 15:23:43,142 - dashboard - ERROR - Traceback (most recent call last):
  File "D:\.Ucheba\ВКР\Project E\Project-E\for_docker\visualization\dashboard.py", line 172, in log_system_info
    import tensorflow as tf
ModuleNotFoundError: No module named 'tensorflow'

2025-05-01 15:23:43,142 - dashboard - ERROR - Traceback (most recent call last):
  File "D:\.Ucheba\ВКР\Project E\Project-E\for_docker\visualization\dashboard.py", line 172, in log_system_info
    import tensorflow as tf
ModuleNotFoundError: No module named 'tensorflow'

2025-05-01 15:23:43,142 - dashboard - ERROR - Traceback (most recent call last):
  File "D:\.Ucheba\ВКР\Project E\Project-E\for_docker\visualization\dashboard.py", line 172, in log_system_info
    import tensorflow as tf
ModuleNotFoundError: No module named 'tensorflow'

2025-05-01 15:23:43,142 - dashboard - ERROR - Traceback (most recent call last):
  File "D:\.Ucheba\ВКР\Project E\Project-E\for_docker\visualization\dashboard.py", line 172, in log_system_info
    import tensorflow as tf
ModuleNotFoundError: No module named 'tensorflow'

2025-05-01 15:23:43,142 - dashboard - ERROR - Traceback (most recent call last):
  File "D:\.Ucheba\ВКР\Project E\Project-E\for_docker\visualization\dashboard.py", line 172, in log_system_info
    import tensorflow as tf
ModuleNotFoundError: No module named 'tensorflow'

2025-05-01 15:23:43,142 - dashboard - ERROR - Traceback (most recent call last):
  File "D:\.Ucheba\ВКР\Project E\Project-E\for_docker\visualization\dashboard.py", line 172, in log_system_info
    import tensorflow as tf
ModuleNotFoundError: No module named 'tensorflow'

2025-05-01 15:23:43,142 - dashboard - ERROR - Traceback (most recent call last):
  File "D:\.Ucheba\ВКР\Project E\Project-E\for_docker\visualization\dashboard.py", line 172, in log_system_info
    import tensorflow as tf
ModuleNotFoundError: No module named 'tensorflow'

2025-05-01 15:23:43,142 - dashboard - ERROR - Traceback (most recent call last):
  File "D:\.Ucheba\ВКР\Project E\Project-E\for_docker\visualization\dashboard.py", line 172, in log_system_info
    import tensorflow as tf
ModuleNotFoundError: No module named 'tensorflow'

2025-05-01 15:23:43,144 - dashboard - INFO - Запуск основной функции дашборда
2025-05-01 15:23:43,144 - dashboard - INFO - Запуск основной функции дашборда
2025-05-01 15:23:43,144 - dashboard - INFO - Запуск основной функции дашборда
2025-05-01 15:23:43,144 - dashboard - INFO - Запуск основной функции дашборда
2025-05-01 15:23:43,144 - dashboard - INFO - Запуск основной функции дашборда
2025-05-01 15:23:43,144 - dashboard - INFO - Запуск основной функции дашборда
2025-05-01 15:23:43,144 - dashboard - INFO - Запуск основной функции дашборда
2025-05-01 15:23:43,144 - dashboard - INFO - Запуск основной функции дашборда
2025-05-01 15:23:43,144 - dashboard - INFO - Запуск основной функции дашборда
2025-05-01 15:23:43,144 - dashboard - INFO - Запуск основной функции дашборда
2025-05-01 15:23:43,149 - dashboard - INFO - Загрузка историй моделей из директории: ..\model_save_preset
2025-05-01 15:23:43,149 - dashboard - INFO - Загрузка историй моделей из директории: ..\model_save_preset
2025-05-01 15:23:43,149 - dashboard - INFO - Загрузка историй моделей из директории: ..\model_save_preset
2025-05-01 15:23:43,149 - dashboard - INFO - Загрузка историй моделей из директории: ..\model_save_preset
2025-05-01 15:23:43,149 - dashboard - INFO - Загрузка историй моделей из директории: ..\model_save_preset
2025-05-01 15:23:43,149 - dashboard - INFO - Загрузка историй моделей из директории: ..\model_save_preset
2025-05-01 15:23:43,149 - dashboard - INFO - Загрузка историй моделей из директории: ..\model_save_preset
2025-05-01 15:23:43,149 - dashboard - INFO - Загрузка историй моделей из директории: ..\model_save_preset
2025-05-01 15:23:43,149 - dashboard - INFO - Загрузка историй моделей из директории: ..\model_save_preset
2025-05-01 15:23:43,149 - dashboard - INFO - Загрузка историй моделей из директории: ..\model_save_preset
2025-05-01 15:23:43,165 - dashboard - INFO - Загружено 18 моделей из 4 групп
2025-05-01 15:23:43,165 - dashboard - INFO - Загружено 18 моделей из 4 групп
2025-05-01 15:23:43,165 - dashboard - INFO - Загружено 18 моделей из 4 групп
2025-05-01 15:23:43,165 - dashboard - INFO - Загружено 18 моделей из 4 групп
2025-05-01 15:23:43,165 - dashboard - INFO - Загружено 18 моделей из 4 групп
2025-05-01 15:23:43,165 - dashboard - INFO - Загружено 18 моделей из 4 групп
2025-05-01 15:23:43,165 - dashboard - INFO - Загружено 18 моделей из 4 групп
2025-05-01 15:23:43,165 - dashboard - INFO - Загружено 18 моделей из 4 групп
2025-05-01 15:23:43,165 - dashboard - INFO - Загружено 18 моделей из 4 групп
2025-05-01 15:23:43,165 - dashboard - INFO - Загружено 18 моделей из 4 групп
2025-05-01 15:23:43,170 - dashboard - INFO - Переход на страницу: Обзор моделей
2025-05-01 15:23:43,170 - dashboard - INFO - Переход на страницу: Обзор моделей
2025-05-01 15:23:43,170 - dashboard - INFO - Переход на страницу: Обзор моделей
2025-05-01 15:23:43,170 - dashboard - INFO - Переход на страницу: Обзор моделей
2025-05-01 15:23:43,170 - dashboard - INFO - Переход на страницу: Обзор моделей
2025-05-01 15:23:43,170 - dashboard - INFO - Переход на страницу: Обзор моделей
2025-05-01 15:23:43,170 - dashboard - INFO - Переход на страницу: Обзор моделей
2025-05-01 15:23:43,170 - dashboard - INFO - Переход на страницу: Обзор моделей
2025-05-01 15:23:43,170 - dashboard - INFO - Переход на страницу: Обзор моделей
2025-05-01 15:23:43,170 - dashboard - INFO - Переход на страницу: Обзор моделей
2025-05-01 15:23:43,176 - dashboard - INFO - Создание таблицы сравнения метрик
2025-05-01 15:23:43,176 - dashboard - INFO - Создание таблицы сравнения метрик
2025-05-01 15:23:43,176 - dashboard - INFO - Создание таблицы сравнения метрик
2025-05-01 15:23:43,176 - dashboard - INFO - Создание таблицы сравнения метрик
2025-05-01 15:23:43,176 - dashboard - INFO - Создание таблицы сравнения метрик
2025-05-01 15:23:43,176 - dashboard - INFO - Создание таблицы сравнения метрик
2025-05-01 15:23:43,176 - dashboard - INFO - Создание таблицы сравнения метрик
2025-05-01 15:23:43,176 - dashboard - INFO - Создание таблицы сравнения метрик
2025-05-01 15:23:43,176 - dashboard - INFO - Создание таблицы сравнения метрик
2025-05-01 15:23:43,176 - dashboard - INFO - Создание таблицы сравнения метрик
2025-05-01 15:23:43,179 - dashboard - INFO - Создана таблица сравнения с 18 моделями
2025-05-01 15:23:43,179 - dashboard - INFO - Создана таблица сравнения с 18 моделями
2025-05-01 15:23:43,179 - dashboard - INFO - Создана таблица сравнения с 18 моделями
2025-05-01 15:23:43,179 - dashboard - INFO - Создана таблица сравнения с 18 моделями
2025-05-01 15:23:43,179 - dashboard - INFO - Создана таблица сравнения с 18 моделями
2025-05-01 15:23:43,179 - dashboard - INFO - Создана таблица сравнения с 18 моделями
2025-05-01 15:23:43,179 - dashboard - INFO - Создана таблица сравнения с 18 моделями
2025-05-01 15:23:43,179 - dashboard - INFO - Создана таблица сравнения с 18 моделями
2025-05-01 15:23:43,179 - dashboard - INFO - Создана таблица сравнения с 18 моделями
2025-05-01 15:23:43,179 - dashboard - INFO - Создана таблица сравнения с 18 моделями
