{"loss": [0.5661398768424988, 0.3616996109485626, 0.2997875213623047, 0.2528582215309143, 0.21979904174804688, 0.18962201476097107, 0.16325876116752625, 0.1422506868839264, 0.12424220144748688, 0.11027582734823227, 0.09825421869754791, 0.08902160078287125, 0.08092596381902695, 0.0744398683309555, 0.0690278485417366, 0.06436262279748917, 0.05951453745365143, 0.05607325956225395, 0.052986953407526016, 0.05061185732483864, 0.04796889051795006, 0.045175135135650635, 0.04415425285696983, 0.042460985481739044, 0.040618155151605606, 0.038678012788295746, 0.03739728778600693, 0.0367712527513504, 0.03506172448396683, 0.034532662481069565, 0.03423159196972847, 0.03341812640428543, 0.03279734030365944, 0.03209421783685684, 0.031717706471681595, 0.030968595296144485, 0.030513426288962364, 0.02792934700846672, 0.027607813477516174, 0.027010124176740646, 0.027073800563812256, 0.026735736057162285, 0.02644493617117405, 0.026534706354141235, 0.024864818900823593], "val_loss": [0.3811297118663788, 0.26894864439964294, 0.2427634745836258, 0.2306457757949829, 0.1979241818189621, 0.18883024156093597, 0.16249366104602814, 0.16076987981796265, 0.13128143548965454, 0.1161390095949173, 0.1388959437608719, 0.10232564806938171, 0.09079380333423615, 0.07048209756612778, 0.11537286639213562, 0.07029709219932556, 0.08617351204156876, 0.10578575730323792, 0.06312107294797897, 0.09969771653413773, 0.0795217975974083, 0.05864345282316208, 0.07932163774967194, 0.08295714110136032, 0.05154149979352951, 0.053530000150203705, 0.07500733435153961, 0.04015233367681503, 0.08216509222984314, 0.0367654450237751, 0.055556271225214005, 0.046462010592222214, 0.04195954650640488, 0.0683223158121109, 0.06584697961807251, 0.04031301662325859, 0.07086488604545593, 0.06036696210503578, 0.04626195877790451, 0.056413911283016205, 0.05377979949116707, 0.04764462262392044, 0.053305380046367645, 0.06285195797681808, 0.06350492686033249], "learning_rate": [0.0010000000474974513, 0.0010000000474974513, 0.0010000000474974513, 0.0010000000474974513, 0.0010000000474974513, 0.0010000000474974513, 0.0010000000474974513, 0.0010000000474974513, 0.0010000000474974513, 0.0010000000474974513, 0.0010000000474974513, 0.0010000000474974513, 0.0010000000474974513, 0.0010000000474974513, 0.0010000000474974513, 0.0010000000474974513, 0.0010000000474974513, 0.0010000000474974513, 0.0010000000474974513, 0.0010000000474974513, 0.0010000000474974513, 0.0010000000474974513, 0.0010000000474974513, 0.0010000000474974513, 0.0010000000474974513, 0.0010000000474974513, 0.0010000000474974513, 0.0010000000474974513, 0.0010000000474974513, 0.0010000000474974513, 0.0010000000474974513, 0.0010000000474974513, 0.0010000000474974513, 0.0010000000474974513, 0.0010000000474974513, 0.0010000000474974513, 0.0010000000474974513, 0.0005000000237487257, 0.0005000000237487257, 0.0005000000237487257, 0.0005000000237487257, 0.0005000000237487257, 0.0005000000237487257, 0.0005000000237487257, 0.0002500000118743628]}