{"loss": [0.6506951451301575, 0.29979977011680603, 0.22782458364963531, 0.19096843898296356, 0.16697043180465698, 0.14793547987937927, 0.13416758179664612, 0.12148692458868027, 0.11208418756723404, 0.10057225078344345, 0.09282488375902176, 0.08633065223693848, 0.0793977826833725, 0.07497028261423111, 0.06897160410881042, 0.06588900089263916, 0.06124566122889519, 0.05850601568818092, 0.055364832282066345, 0.05330335348844528, 0.05017958581447601, 0.04764736816287041, 0.045662056654691696, 0.04360538721084595, 0.04145578667521477, 0.03984234482049942, 0.03852471336722374, 0.03774072974920273, 0.03583921119570732, 0.03430115431547165, 0.033604808151721954, 0.03230464830994606, 0.03257431834936142, 0.03085746429860592, 0.030612563714385033, 0.02819223329424858, 0.028261585161089897, 0.027678100392222404, 0.02749617211520672, 0.027106251567602158, 0.026768067851662636, 0.02658921107649803, 0.02581973560154438], "val_loss": [0.33429402112960815, 0.18191282451152802, 0.15587687492370605, 0.13503463566303253, 0.13461656868457794, 0.12327747046947479, 0.12005496770143509, 0.10329201817512512, 0.10994521528482437, 0.19972239434719086, 0.21397200226783752, 0.10925135761499405, 0.06754183769226074, 0.1220008134841919, 0.09186556935310364, 0.05092228576540947, 0.065012127161026, 0.05661720409989357, 0.0732906237244606, 0.06841977685689926, 0.06668132543563843, 0.043736428022384644, 0.04121524840593338, 0.04558504372835159, 0.05186666175723076, 0.05081264302134514, 0.04561058431863785, 0.030135199427604675, 0.0381322018802166, 0.037082452327013016, 0.03312399238348007, 0.03768470138311386, 0.04670674353837967, 0.046365685760974884, 0.04134153202176094, 0.06436603516340256, 0.049375735223293304, 0.03800768405199051, 0.04648485407233238, 0.05027418211102486, 0.046890247613191605, 0.04961381107568741, 0.05807052552700043], "learning_rate": [0.0010000000474974513, 0.0010000000474974513, 0.0010000000474974513, 0.0010000000474974513, 0.0010000000474974513, 0.0010000000474974513, 0.0010000000474974513, 0.0010000000474974513, 0.0010000000474974513, 0.0010000000474974513, 0.0010000000474974513, 0.0010000000474974513, 0.0010000000474974513, 0.0010000000474974513, 0.0010000000474974513, 0.0010000000474974513, 0.0010000000474974513, 0.0010000000474974513, 0.0010000000474974513, 0.0010000000474974513, 0.0010000000474974513, 0.0010000000474974513, 0.0010000000474974513, 0.0010000000474974513, 0.0010000000474974513, 0.0010000000474974513, 0.0010000000474974513, 0.0010000000474974513, 0.0010000000474974513, 0.0010000000474974513, 0.0010000000474974513, 0.0010000000474974513, 0.0010000000474974513, 0.0010000000474974513, 0.0010000000474974513, 0.0005000000237487257, 0.0005000000237487257, 0.0005000000237487257, 0.0005000000237487257, 0.0005000000237487257, 0.0005000000237487257, 0.0005000000237487257, 0.0002500000118743628]}