{"loss": [0.4658876657485962, 0.27923837304115295, 0.22632625699043274, 0.1899164915084839, 0.16583390533924103, 0.14462511241436005, 0.12891267240047455, 0.11598005145788193, 0.10508915781974792, 0.09582189470529556, 0.08728539198637009, 0.08076611161231995, 0.07607223838567734, 0.07013906538486481, 0.0651944950222969, 0.06213569641113281, 0.05846187099814415, 0.05618327483534813, 0.053171925246715546, 0.049700360745191574, 0.04869231581687927, 0.04676924645900726, 0.04515174403786659, 0.043681927025318146, 0.04142290726304054, 0.04071643203496933, 0.03900618851184845, 0.03806355595588684, 0.03740382194519043, 0.03639650717377663, 0.03558056801557541, 0.03477687016129494, 0.03390050306916237, 0.03208984062075615, 0.030888881534337997, 0.030501065775752068, 0.030592545866966248, 0.02974751591682434, 0.029217977076768875, 0.02916550822556019, 0.027903728187084198], "val_loss": [0.4504082202911377, 0.29090645909309387, 0.18607935309410095, 0.14763645827770233, 0.14498138427734375, 0.1263379007577896, 0.1416148990392685, 0.11618813872337341, 0.10146144032478333, 0.09983233362436295, 0.1150103434920311, 0.08740019798278809, 0.08349625021219254, 0.07428424805402756, 0.052280280739068985, 0.04937860742211342, 0.05085126683115959, 0.04663480818271637, 0.06347376853227615, 0.05760718882083893, 0.040044207125902176, 0.05247097834944725, 0.05174471065402031, 0.03908193111419678, 0.039083998650312424, 0.03420228138566017, 0.03950515389442444, 0.05719912424683571, 0.043871890753507614, 0.04748096317052841, 0.046576570719480515, 0.03788038343191147, 0.05557776615023613, 0.055756885558366776, 0.04679162800312042, 0.04913472384214401, 0.04391767457127571, 0.05673141032457352, 0.07124359905719757, 0.045859720557928085, 0.04922780394554138], "learning_rate": [0.0010000000474974513, 0.0010000000474974513, 0.0010000000474974513, 0.0010000000474974513, 0.0010000000474974513, 0.0010000000474974513, 0.0010000000474974513, 0.0010000000474974513, 0.0010000000474974513, 0.0010000000474974513, 0.0010000000474974513, 0.0010000000474974513, 0.0010000000474974513, 0.0010000000474974513, 0.0010000000474974513, 0.0010000000474974513, 0.0010000000474974513, 0.0010000000474974513, 0.0010000000474974513, 0.0010000000474974513, 0.0010000000474974513, 0.0010000000474974513, 0.0010000000474974513, 0.0010000000474974513, 0.0010000000474974513, 0.0010000000474974513, 0.0010000000474974513, 0.0010000000474974513, 0.0010000000474974513, 0.0010000000474974513, 0.0010000000474974513, 0.0010000000474974513, 0.0010000000474974513, 0.0005000000237487257, 0.0005000000237487257, 0.0005000000237487257, 0.0005000000237487257, 0.0005000000237487257, 0.0005000000237487257, 0.0005000000237487257, 0.0002500000118743628]}