{"loss": [0.7889503836631775, 0.5093485116958618, 0.38356664776802063, 0.2922823131084442, 0.23045481741428375, 0.1848362684249878, 0.15246962010860443, 0.1286846548318863, 0.11099942028522491, 0.09814855456352234, 0.08850803226232529, 0.07940688729286194, 0.07206692546606064, 0.06742244958877563, 0.06207120791077614, 0.058209534734487534, 0.0549917072057724, 0.05183465778827667, 0.05055342614650726, 0.047389280050992966, 0.04500645026564598, 0.04410282149910927, 0.04176518693566322, 0.040669314563274384, 0.04002261906862259, 0.0387236624956131, 0.03663680702447891, 0.03720251843333244, 0.036140721291303635, 0.03510931506752968, 0.03432786464691162, 0.03448456525802612, 0.03354844078421593, 0.03205214813351631, 0.03300149366259575, 0.03208613395690918, 0.03235045447945595, 0.03107435256242752, 0.031188299879431725, 0.030699027702212334, 0.030553128570318222, 0.03002522513270378, 0.03015705943107605, 0.030209071934223175, 0.030689844861626625, 0.02881149761378765, 0.029534758999943733, 0.029372569173574448, 0.029302969574928284, 0.028246939182281494], "val_loss": [0.6860991716384888, 0.4237813651561737, 0.33794936537742615, 0.3054406940937042, 0.24901646375656128, 0.16759859025478363, 0.1122119352221489, 0.10439050942659378, 0.10438060760498047, 0.08079936355352402, 0.07525420188903809, 0.08056636154651642, 0.06098487600684166, 0.06233805790543556, 0.07373663038015366, 0.05658705532550812, 0.0710383951663971, 0.06309546530246735, 0.05815466493368149, 0.05740116909146309, 0.06612716615200043, 0.06107699126005173, 0.0555630624294281, 0.04298838973045349, 0.0569804310798645, 0.05728389695286751, 0.04040256887674332, 0.04304012283682823, 0.03891582414507866, 0.04877563565969467, 0.046966083347797394, 0.04063437879085541, 0.035254474729299545, 0.03915508836507797, 0.04663584381341934, 0.038946498185396194, 0.03592846170067787, 0.03458332642912865, 0.04998043179512024, 0.046611178666353226, 0.03631939738988876, 0.04106428101658821, 0.04738535359501839, 0.026152601465582848, 0.030343633145093918, 0.03118477389216423, 0.04830773547291756, 0.04806191101670265, 0.03662040829658508, 0.032861802726984024], "learning_rate": [0.0010000000474974513, 0.0010000000474974513, 0.0010000000474974513, 0.0010000000474974513, 0.0010000000474974513, 0.0010000000474974513, 0.0010000000474974513, 0.0010000000474974513, 0.0010000000474974513, 0.0010000000474974513, 0.0010000000474974513, 0.0010000000474974513, 0.0010000000474974513, 0.0010000000474974513, 0.0010000000474974513, 0.0010000000474974513, 0.0010000000474974513, 0.0010000000474974513, 0.0010000000474974513, 0.0010000000474974513, 0.0010000000474974513, 0.0010000000474974513, 0.0010000000474974513, 0.0010000000474974513, 0.0010000000474974513, 0.0010000000474974513, 0.0010000000474974513, 0.0010000000474974513, 0.0010000000474974513, 0.0010000000474974513, 0.0010000000474974513, 0.0010000000474974513, 0.0010000000474974513, 0.0010000000474974513, 0.0010000000474974513, 0.0010000000474974513, 0.0010000000474974513, 0.0010000000474974513, 0.0010000000474974513, 0.0010000000474974513, 0.0010000000474974513, 0.0010000000474974513, 0.0010000000474974513, 0.0010000000474974513, 0.0010000000474974513, 0.0010000000474974513, 0.0010000000474974513, 0.0010000000474974513, 0.0010000000474974513, 0.0010000000474974513]}