{"loss": [0.35696879029273987, 0.19200971722602844, 0.12496279180049896, 0.09235895425081253, 0.0716618001461029, 0.05881120264530182, 0.050034213811159134, 0.04371802136301994, 0.03883563354611397, 0.03465262055397034, 0.0321807861328125, 0.030155746266245842, 0.02851239964365959, 0.0277902502566576, 0.02695128321647644, 0.025318022817373276, 0.025419654324650764, 0.025012828409671783, 0.024182459339499474, 0.023342503234744072, 0.023204507306218147, 0.022144559770822525, 0.021555593237280846, 0.020998744294047356, 0.02087710052728653, 0.021100375801324844, 0.020787246525287628, 0.020731667056679726, 0.02022184617817402], "val_loss": [0.42538437247276306, 0.2859733998775482, 0.17183513939380646, 0.1224016398191452, 0.0910058543086052, 0.07492981851100922, 0.07385006546974182, 0.06739138811826706, 0.06637629121541977, 0.06184244528412819, 0.05859479680657387, 0.06762226670980453, 0.05365417152643204, 0.049544647336006165, 0.058532971888780594, 0.0537613220512867, 0.06133447214961052, 0.05713418126106262, 0.055461008101701736, 0.05472225323319435, 0.057020820677280426, 0.06208568066358566, 0.06389367580413818, 0.058585163205862045, 0.056178271770477295, 0.06028730794787407, 0.0586945004761219, 0.057169295847415924, 0.06310085207223892], "learning_rate": [0.0010000000474974513, 0.0010000000474974513, 0.0010000000474974513, 0.0010000000474974513, 0.0010000000474974513, 0.0010000000474974513, 0.0010000000474974513, 0.0010000000474974513, 0.0010000000474974513, 0.0010000000474974513, 0.0010000000474974513, 0.0010000000474974513, 0.0010000000474974513, 0.0010000000474974513, 0.0010000000474974513, 0.0010000000474974513, 0.0010000000474974513, 0.0010000000474974513, 0.0010000000474974513, 0.0010000000474974513, 0.0010000000474974513, 0.0005000000237487257, 0.0005000000237487257, 0.0005000000237487257, 0.0005000000237487257, 0.0005000000237487257, 0.0005000000237487257, 0.0005000000237487257, 0.0002500000118743628]}